episode,stage,episode_reward,completed_tasks,total_tasks,completion_rate,completed_priority,total_priority,priority_completion_rate,collision_count,timeout_count,total_battery,steps,policy_loss,value_loss,entropy
1,static_routing,-772.77,1,12,0.0833,1.6,18.8,0.0851,20,5,35.6,260,-0.003644,594.915894,1.543998
2,static_routing,-732.2,0,12,0.0,0.0,18.8,0.0,14,4,196.0,260,-0.001856,453.025726,1.541972
3,static_routing,-1058.42,1,12,0.0833,1.2,18.8,0.0638,16,6,-9.0,260,-0.000235,916.600098,1.551731
4,static_routing,-1618.37,1,12,0.0833,1.2,18.8,0.0638,36,5,-10.0,260,-3.6e-05,1606.988037,1.544392
5,static_routing,-1149.4,1,12,0.0833,1.6,18.8,0.0851,32,5,8.4,260,-0.000919,1129.299561,1.540861
6,static_routing,-1015.3,1,12,0.0833,1.6,18.8,0.0851,24,6,32.8,260,-0.0008,817.124268,1.540636
7,static_routing,-1090.39,1,12,0.0833,1.6,18.8,0.0851,20,6,84.4,260,-0.001302,1240.227539,1.537565
8,static_routing,-982.21,1,12,0.0833,1.6,18.8,0.0851,32,7,7.8,260,-0.00046,825.387634,1.544739
9,static_routing,-1078.292,1,12,0.0833,2.2,18.8,0.117,16,5,-4.2,260,-0.000373,987.696533,1.542662
10,static_routing,-129.63,3,12,0.25,4.6,18.8,0.2447,18,5,80.6,260,-0.005167,186.116379,1.543535
11,static_routing,-1006.576,2,12,0.1667,2.8,18.8,0.1489,14,5,3.2,260,0.001573,1146.684448,1.531593
12,static_routing,-693.52,1,12,0.0833,1.0,18.8,0.0532,6,6,25.2,260,-0.00248,532.015869,1.540864
13,static_routing,-787.862,1,12,0.0833,1.6,18.8,0.0851,16,5,85.8,260,-0.000665,661.637878,1.531209
14,static_routing,-572.99,0,12,0.0,0.0,18.8,0.0,14,4,144.0,260,-0.001278,323.811646,1.526753
15,static_routing,-799.13,2,12,0.1667,2.8,18.8,0.1489,36,7,103.8,260,-0.001717,492.001068,1.526479
16,static_routing,-360.27,2,12,0.1667,2.8,18.8,0.1489,26,4,199.8,260,-3e-06,204.066055,1.518722
17,static_routing,-656.36,3,12,0.25,3.8,18.8,0.2021,36,7,34.6,260,-0.000292,577.652039,1.524592
18,static_routing,-575.502,2,12,0.1667,2.2,18.8,0.117,26,4,105.4,260,-0.000382,417.377655,1.514655
19,static_routing,-660.006,3,12,0.25,4.0,18.8,0.2128,20,6,24.4,260,-0.000261,544.835632,1.523801
20,static_routing,-657.03,1,12,0.0833,1.2,18.8,0.0638,34,5,46.8,260,-0.000999,329.492523,1.525223
21,static_routing,-288.87,2,12,0.1667,3.6,18.8,0.1915,8,6,54.6,260,-0.000217,400.881683,1.532818
22,static_routing,-669.382,1,12,0.0833,1.6,18.8,0.0851,20,5,41.2,260,-0.000557,379.827179,1.531446
23,static_routing,-276.14,0,12,0.0,0.0,18.8,0.0,4,6,153.2,260,-0.000966,19.834961,1.530534
24,static_routing,-660.87,0,12,0.0,0.0,18.8,0.0,12,4,66.0,260,-0.000935,329.470367,1.523936
25,static_routing,-372.84,2,12,0.1667,3.2,18.8,0.1702,28,4,116.0,260,-0.000105,157.519775,1.522211
26,static_routing,-375.23,3,12,0.25,4.4,18.8,0.234,30,5,195.4,260,-0.000835,186.618439,1.518078
27,static_routing,-631.76,2,12,0.1667,2.8,18.8,0.1489,16,7,94.0,260,-0.001458,451.704437,1.533581
28,static_routing,-498.09,0,12,0.0,0.0,18.8,0.0,18,4,157.0,260,-0.000363,124.247871,1.536598
29,static_routing,-690.49,1,12,0.0833,1.2,18.8,0.0638,10,5,63.8,260,-0.000735,450.183777,1.526706
30,static_routing,-379.35,2,12,0.1667,2.8,18.8,0.1489,6,6,194.4,260,-0.000108,311.412842,1.530804
31,static_routing,-590.49,1,12,0.0833,1.2,18.8,0.0638,20,5,108.8,260,0.000102,394.109314,1.535918
32,static_routing,-879.24,0,12,0.0,0.0,18.8,0.0,20,5,61.2,260,-0.00027,603.665649,1.539203
33,static_routing,-380.54,4,12,0.3333,4.8,18.8,0.2553,16,6,56.2,260,-0.00095,352.638092,1.537377
34,static_routing,-843.96,1,12,0.0833,1.2,18.8,0.0638,26,4,98.2,260,-0.000178,523.817444,1.537384
35,static_routing,-288.318,4,12,0.3333,6.0,18.8,0.3191,22,6,166.2,260,-0.000801,502.050446,1.5332
36,static_routing,-940.79,2,12,0.1667,2.8,18.8,0.1489,24,6,78.4,260,-0.000459,1013.615845,1.5301
37,static_routing,-602.778,3,12,0.25,4.0,18.8,0.2128,20,6,109.6,260,-0.000774,504.529572,1.527988
38,static_routing,-441.28,2,12,0.1667,3.2,18.8,0.1702,12,5,82.4,260,-0.000509,508.192474,1.530916
39,static_routing,-440.4,1,12,0.0833,1.2,18.8,0.0638,14,5,98.6,260,-0.000179,128.221542,1.527361
40,static_routing,-478.088,4,12,0.3333,5.8,18.8,0.3085,22,5,72.6,260,-0.000285,736.880859,1.53669
41,static_routing,-840.556,3,12,0.25,4.0,18.8,0.2128,20,5,39.8,260,-0.000523,797.750549,1.521514
42,static_routing,-420.87,2,12,0.1667,3.2,18.8,0.1702,20,6,65.6,260,-0.000774,447.152283,1.533515
43,static_routing,-322.6,3,12,0.25,4.8,18.8,0.2553,8,5,61.6,260,-0.00163,444.01355,1.532741
44,static_routing,-678.71,1,12,0.0833,1.2,18.8,0.0638,22,5,-7.6,260,-0.000993,290.462738,1.52679
45,static_routing,-585.2,0,12,0.0,0.0,18.8,0.0,30,4,210.8,260,0.000275,197.76767,1.532602
46,static_routing,-430.65,4,12,0.3333,5.6,18.8,0.2979,24,7,12.4,260,-0.000765,401.098358,1.525654
47,static_routing,-703.232,3,12,0.25,3.8,18.8,0.2021,20,4,-4.8,260,-0.000578,670.957092,1.520242
48,static_routing,-256.61,2,12,0.1667,2.8,18.8,0.1489,18,6,217.2,260,-0.001427,95.846802,1.522525
49,static_routing,-922.12,1,12,0.0833,1.2,18.8,0.0638,16,6,39.2,260,-0.00095,823.563904,1.524936
50,static_routing,-4.014,5,12,0.4167,8.0,18.8,0.4255,24,6,136.8,260,-0.002504,479.255341,1.513434
51,static_routing,-747.11,0,12,0.0,0.0,18.8,0.0,22,5,-7.8,260,0.000205,247.192566,1.505815
52,static_routing,-601.83,1,12,0.0833,1.6,18.8,0.0851,22,7,99.6,260,0.000631,362.22229,1.508542
53,static_routing,-1268.13,1,12,0.0833,1.2,18.8,0.0638,30,7,37.8,260,0.000384,1129.980957,1.515834
54,static_routing,-727.136,4,12,0.3333,5.4,18.8,0.2872,32,5,67.0,260,-0.000329,717.78009,1.508439
55,static_routing,-1153.964,4,12,0.3333,6.2,18.8,0.3298,58,6,95.4,260,-0.00052,1701.792358,1.506753
56,static_routing,-994.95,3,12,0.25,4.8,18.8,0.2553,42,6,-1.2,260,-0.000104,1058.032715,1.505398
57,static_routing,-891.08,3,12,0.25,4.6,18.8,0.2447,36,7,8.8,260,-0.000247,1055.750122,1.506651
58,static_routing,-873.91,2,12,0.1667,3.6,18.8,0.1915,30,7,28.2,260,-0.000118,733.358948,1.513359
59,static_routing,-1335.8,0,12,0.0,0.0,18.8,0.0,38,6,-11.6,260,-0.000287,902.671631,1.519251
60,static_routing,-1060.498,1,12,0.0833,1.2,18.8,0.0638,26,4,-8.2,260,-0.000223,679.040649,1.515182
61,static_routing,-1552.24,2,12,0.1667,3.6,18.8,0.1915,54,6,-15.4,260,-1e-05,1510.533691,1.503612
62,static_routing,-1132.662,2,12,0.1667,2.8,18.8,0.1489,69,3,-31.0,260,-0.000205,785.474304,1.511589
63,static_routing,-1361.692,2,12,0.1667,3.2,18.8,0.1702,60,5,179.6,260,-0.000338,1389.434082,1.523468
64,static_routing,-427.32,3,12,0.25,4.2,18.8,0.2234,24,5,82.0,260,-0.000326,444.327637,1.502298
65,static_routing,-684.722,3,12,0.25,5.4,18.8,0.2872,40,6,-8.4,260,-0.000452,701.437256,1.512384
66,static_routing,-538.768,3,12,0.25,5.4,18.8,0.2872,52,7,53.6,260,-0.000561,500.512329,1.504392
67,static_routing,-1092.84,2,12,0.1667,2.8,18.8,0.1489,46,6,5.2,260,-0.000254,768.606262,1.515622
68,static_routing,-666.27,4,12,0.3333,6.0,18.8,0.3191,34,5,63.6,260,-0.000464,1117.932373,1.51347
69,static_routing,-803.32,3,12,0.25,4.4,18.8,0.234,18,6,79.6,260,-0.00018,881.130981,1.507565
70,static_routing,-688.0,2,12,0.1667,2.8,18.8,0.1489,22,6,-3.2,260,-0.00029,439.605286,1.515933
71,static_routing,-623.02,4,12,0.3333,6.4,18.8,0.3404,26,7,-8.2,260,-0.000813,723.400146,1.487505
72,static_routing,-848.446,2,12,0.1667,2.8,18.8,0.1489,22,4,5.6,260,-0.000213,680.544006,1.504981
73,static_routing,-1262.64,1,12,0.0833,1.2,18.8,0.0638,50,5,75.0,260,-0.00019,859.794983,1.502992
74,static_routing,-484.04,2,12,0.1667,3.6,18.8,0.1915,16,6,79.4,260,-0.000148,467.600616,1.526766
75,static_routing,-1336.52,1,12,0.0833,1.6,18.8,0.0851,46,5,-6.8,260,-0.000775,1052.067993,1.507734
76,static_routing,-434.012,4,12,0.3333,6.6,18.8,0.3511,30,7,234.6,260,-0.000822,738.48822,1.515121
77,static_routing,-298.566,4,12,0.3333,4.8,18.8,0.2553,8,4,23.0,260,-0.001249,370.342316,1.505936
78,static_routing,-416.622,3,12,0.25,5.8,18.8,0.3085,18,8,103.0,260,-0.001035,590.572388,1.527578
79,static_routing,-375.604,4,12,0.3333,7.0,18.8,0.3723,10,7,56.4,260,-0.000165,627.088135,1.514829
80,static_routing,-743.168,3,12,0.25,5.4,18.8,0.2872,28,5,82.6,260,-0.000561,807.958801,1.512757
81,static_routing,-760.85,3,12,0.25,6.2,18.8,0.3298,30,8,6.6,260,-0.000555,1040.895386,1.518988
82,static_routing,-212.074,5,12,0.4167,7.0,18.8,0.3723,10,3,14.2,260,-0.002442,598.336792,1.497607
83,static_routing,-300.992,2,12,0.1667,2.6,18.8,0.1383,24,6,102.8,260,-0.001328,104.360733,1.513227
84,static_routing,-681.14,5,12,0.4167,7.6,18.8,0.4043,18,7,35.0,260,-0.000231,1003.633972,1.506579
85,static_routing,-264.952,4,12,0.3333,5.8,18.8,0.3085,40,6,106.8,260,-0.005003,252.807297,1.520353
86,static_routing,-784.25,3,12,0.25,3.8,18.8,0.2021,34,4,72.4,260,0.000434,729.103394,1.520126
87,static_routing,-265.6,5,12,0.4167,7.6,18.8,0.4043,18,7,145.2,260,0.000216,558.343384,1.508511
88,static_routing,-611.32,5,12,0.4167,7.4,18.8,0.3936,14,4,17.8,260,-0.001515,1115.977417,1.484602
89,static_routing,-657.4,4,12,0.3333,5.4,18.8,0.2872,10,7,0.8,260,-0.001964,795.00592,1.483676
90,static_routing,-129.604,5,12,0.4167,7.6,18.8,0.4043,42,9,192.2,260,-0.002433,341.234009,1.498446
91,static_routing,-822.76,5,12,0.4167,7.6,18.8,0.4043,44,7,3.4,260,0.00033,957.855164,1.489414
92,static_routing,-114.766,6,12,0.5,10.8,18.8,0.5745,26,9,21.6,260,-0.002308,779.459961,1.503054
93,static_routing,-183.42,5,12,0.4167,7.4,18.8,0.3936,22,5,72.6,260,-0.005733,445.036896,1.481835
94,static_routing,-725.376,4,12,0.3333,6.6,18.8,0.3511,26,4,82.2,260,-0.001699,1121.408691,1.486326
95,static_routing,-298.144,7,12,0.5833,12.2,18.8,0.6489,62,6,125.8,260,-0.005529,1309.460571,1.47047
96,static_routing,-375.758,7,12,0.5833,9.6,18.8,0.5106,28,4,94.2,260,-0.003429,1185.726196,1.408309
97,static_routing,-174.828,8,12,0.6667,12.8,18.8,0.6809,32,5,144.4,260,-0.007161,1202.581055,1.434703
98,static_routing,-766.096,7,12,0.5833,10.6,18.8,0.5638,28,7,48.2,260,0.001572,1496.118896,1.42279
99,static_routing,-523.25,6,12,0.5,8.4,18.8,0.4468,26,6,61.6,260,-0.001183,900.720337,1.405071
100,static_routing,-1587.778,4,12,0.3333,5.2,18.8,0.2766,52,3,-15.0,260,0.000652,2247.642334,1.417402
101,medium_battery,-3067.17,5,12,0.4167,7.2,18.8,0.383,32,4,-14.2,300,-0.000645,4451.560059,1.400285
102,medium_battery,-2327.174,5,12,0.4167,7.8,18.8,0.4149,24,6,74.8,300,-0.000593,3746.716797,1.404384
103,medium_battery,-2659.648,3,12,0.25,5.6,18.8,0.2979,22,5,-26.0,300,-0.000289,3610.498047,1.449392
104,medium_battery,-2458.862,4,12,0.3333,5.8,18.8,0.3085,42,5,-33.6,300,1.2e-05,3204.950195,1.421138
105,medium_battery,-2815.146,4,12,0.3333,7.2,18.8,0.383,46,6,9.0,300,-0.000283,4304.611816,1.445664
106,medium_battery,-2170.87,4,12,0.3333,5.8,18.8,0.3085,28,6,19.2,300,-9.7e-05,3403.885986,1.439735
107,medium_battery,-2836.27,4,12,0.3333,6.6,18.8,0.3511,24,5,-20.0,300,-0.000133,3929.373047,1.426241
108,medium_battery,-2297.996,4,12,0.3333,8.0,18.8,0.4255,20,9,-19.2,300,-0.000151,3569.289551,1.443943
109,medium_battery,-995.692,6,12,0.5,9.4,18.8,0.5,42,5,91.4,300,-0.000495,1841.315308,1.417824
110,medium_battery,-1632.63,6,12,0.5,9.6,18.8,0.5106,52,8,-20.2,300,-0.000445,2219.936523,1.442771
111,medium_battery,-2027.856,6,12,0.5,10.0,18.8,0.5319,32,7,33.4,300,8.2e-05,3265.668701,1.450187
112,medium_battery,-2154.816,3,12,0.25,5.4,18.8,0.2872,14,5,-15.6,300,2.4e-05,2879.175537,1.432998
113,medium_battery,-2682.118,3,12,0.25,5.2,18.8,0.2766,20,5,-19.6,300,-7.4e-05,3562.703369,1.403847
114,medium_battery,-1492.802,6,12,0.5,10.0,18.8,0.5319,46,6,5.2,300,-0.000127,2487.187256,1.420007
115,medium_battery,-3263.968,6,12,0.5,8.6,18.8,0.4574,42,4,-22.4,300,-6.2e-05,4493.783203,1.424024
116,medium_battery,-2318.27,2,12,0.1667,3.0,18.8,0.1596,38,7,9.6,300,-8e-05,3106.846436,1.474719
117,medium_battery,-2823.54,2,12,0.1667,3.0,18.8,0.1596,62,6,-45.0,300,-9e-06,3562.181641,1.458261
118,medium_battery,-2295.156,5,12,0.4167,6.8,18.8,0.3617,39,4,-41.6,300,-7.9e-05,3191.936768,1.419312
119,medium_battery,-3188.614,4,12,0.3333,5.6,18.8,0.2979,20,5,-20.6,300,-1e-06,4742.780273,1.438228
120,medium_battery,-922.11,6,12,0.5,9.6,18.8,0.5106,54,7,100.6,300,-0.000165,1604.983765,1.44704
121,medium_battery,-3472.47,2,12,0.1667,4.0,18.8,0.2128,50,5,-19.0,300,-0.000135,4572.15332,1.415116
122,medium_battery,-3074.112,4,12,0.3333,6.4,18.8,0.3404,31,6,-30.6,300,-0.00024,4588.462891,1.433547
123,medium_battery,-3344.27,3,12,0.25,4.6,18.8,0.2447,34,6,-17.6,300,-0.000169,4303.969238,1.431155
124,medium_battery,-2608.4,5,12,0.4167,7.8,18.8,0.4149,12,6,-10.4,300,-7.3e-05,3923.635498,1.422667
125,medium_battery,-2544.31,2,12,0.1667,3.2,18.8,0.1702,14,4,-17.8,300,-0.000189,3219.326904,1.451249
126,medium_battery,-2486.32,5,12,0.4167,8.4,18.8,0.4468,38,8,-30.6,300,-9.4e-05,3520.624268,1.448705
127,medium_battery,-2621.572,5,12,0.4167,7.0,18.8,0.3723,42,3,-31.0,300,-3e-05,3789.935547,1.444815
128,medium_battery,-2902.156,4,12,0.3333,6.0,18.8,0.3191,22,5,-21.0,300,-1.6e-05,4096.54248,1.471005
129,medium_battery,-2071.3,3,12,0.25,3.6,18.8,0.1915,32,8,34.6,300,-4.5e-05,2384.266357,1.46538
130,medium_battery,-2373.26,3,12,0.25,4.4,18.8,0.234,44,4,-28.0,300,-0.000139,2841.875977,1.43114
131,medium_battery,-1828.43,6,12,0.5,8.8,18.8,0.4681,12,3,25.8,300,7e-06,3150.55127,1.440903
132,medium_battery,-336.982,7,12,0.5833,10.0,18.8,0.5319,18,5,15.2,300,-0.002255,961.104309,1.455525
133,medium_battery,-3242.312,3,12,0.25,4.6,18.8,0.2447,28,6,-14.2,300,-0.000514,4384.530273,1.46345
134,medium_battery,-1905.964,6,12,0.5,8.0,18.8,0.4255,30,5,-8.4,300,0.000756,2866.518799,1.43057
135,medium_battery,-1857.134,4,12,0.3333,7.4,18.8,0.3936,24,8,22.2,300,7.5e-05,2960.801758,1.46247
136,medium_battery,-2557.594,5,12,0.4167,7.4,18.8,0.3936,46,6,-18.6,300,-4.6e-05,3562.969971,1.440522
137,medium_battery,-668.482,7,12,0.5833,11.2,18.8,0.5957,20,7,135.8,300,-0.000115,2050.713867,1.453315
138,medium_battery,-1930.264,6,12,0.5,8.4,18.8,0.4468,24,5,-13.4,300,-0.000251,2850.186768,1.457991
139,medium_battery,-1369.332,4,12,0.3333,7.4,18.8,0.3936,28,5,13.4,300,7e-06,2196.176758,1.45025
140,medium_battery,-1949.332,3,12,0.25,5.8,18.8,0.3085,16,7,14.2,300,-2e-06,2682.044678,1.454885
141,medium_battery,-2550.934,7,12,0.5833,10.8,18.8,0.5745,44,8,-22.0,300,-0.000177,3760.114258,1.448078
142,medium_battery,-1913.226,5,12,0.4167,9.4,18.8,0.5,24,5,-19.4,300,-0.000355,2902.866699,1.463363
143,medium_battery,-2722.626,5,12,0.4167,8.2,18.8,0.4362,42,5,-16.8,300,-0.000207,4080.561035,1.472412
144,medium_battery,-1837.75,7,12,0.5833,10.6,18.8,0.5638,16,5,53.4,300,-7.9e-05,3417.366699,1.420414
145,medium_battery,-1467.406,7,12,0.5833,10.2,18.8,0.5426,38,6,43.6,300,1.8e-05,2069.05127,1.458191
146,medium_battery,-2862.388,5,12,0.4167,7.0,18.8,0.3723,46,6,12.8,300,-4.1e-05,4253.464355,1.446832
147,medium_battery,-376.888,11,12,0.9167,16.6,18.8,0.883,28,2,94.6,300,-0.001086,1931.664185,1.275234
148,medium_battery,-1891.858,3,12,0.25,3.8,18.8,0.2021,24,7,-17.0,300,0.000281,2136.92749,1.479138
149,medium_battery,-652.58,10,12,0.8333,16.0,18.8,0.8511,42,4,47.0,300,-0.000115,2280.887939,1.326925
150,medium_battery,-2332.41,4,12,0.3333,5.0,18.8,0.266,46,5,-28.4,300,-5.5e-05,2931.323975,1.46565
151,medium_battery,-896.766,9,12,0.75,14.4,18.8,0.766,26,6,53.2,300,-6.1e-05,2427.236328,1.418023
152,medium_battery,-1261.994,6,12,0.5,9.0,18.8,0.4787,22,6,-16.6,300,-0.000443,2225.652832,1.488333
153,medium_battery,-1236.258,9,12,0.75,14.8,18.8,0.7872,4,5,38.8,300,-0.000159,3166.60498,1.402524
154,medium_battery,-148.278,10,12,0.8333,15.2,18.8,0.8085,24,5,272.4,300,-0.001161,1312.195435,1.315472
155,medium_battery,-1922.972,6,12,0.5,8.0,18.8,0.4255,32,3,-40.4,300,-0.000686,2702.278076,1.417943
156,medium_battery,-2313.344,8,12,0.6667,11.8,18.8,0.6277,37,5,-10.4,300,-0.000472,3648.142578,1.435106
157,medium_battery,-1042.77,6,12,0.5,9.0,18.8,0.4787,24,5,11.8,300,-0.00015,2014.894653,1.456637
158,medium_battery,-1802.624,8,12,0.6667,12.6,18.8,0.6702,18,5,-10.4,300,-0.000115,3383.014404,1.448237
159,medium_battery,-3362.396,2,12,0.1667,2.4,18.8,0.1277,31,4,-22.4,300,-0.00011,4095.620117,1.482737
160,medium_battery,-772.23,7,12,0.5833,9.6,18.8,0.5106,12,3,47.0,300,-0.000251,1544.829224,1.440774
161,medium_battery,-1428.874,6,12,0.5,8.0,18.8,0.4255,20,6,35.8,300,-4.8e-05,2082.05127,1.437379
162,medium_battery,-2578.468,9,12,0.75,14.0,18.8,0.7447,18,5,-12.2,300,-3.2e-05,4884.870117,1.336023
163,medium_battery,-1821.104,5,12,0.4167,8.4,18.8,0.4468,22,8,49.2,300,-3e-06,3013.681152,1.476718
164,medium_battery,-2511.798,5,12,0.4167,6.6,18.8,0.3511,8,4,-15.8,300,-0.000115,3229.297607,1.428394
165,medium_battery,-1343.866,4,12,0.3333,6.4,18.8,0.3404,30,7,4.6,300,-0.000154,1836.887573,1.450801
166,medium_battery,-2734.576,6,12,0.5,9.2,18.8,0.4894,30,5,-24.6,300,-7.3e-05,4413.491699,1.442931
167,medium_battery,-1345.178,8,12,0.6667,11.4,18.8,0.6064,62,3,31.0,300,-0.000149,2165.178711,1.41801
168,medium_battery,582.456,9,12,0.75,15.0,18.8,0.7979,28,5,261.4,300,-0.000162,746.409973,1.423763
169,medium_battery,-2013.014,5,12,0.4167,7.2,18.8,0.383,50,5,23.6,300,-5.2e-05,2891.304199,1.467453
170,medium_battery,-997.062,7,12,0.5833,10.6,18.8,0.5638,16,6,69.4,300,-0.000115,2257.415527,1.427952
171,medium_battery,-117.582,9,12,0.75,15.0,18.8,0.7979,28,4,103.4,300,-0.000641,1544.269897,1.407929
172,medium_battery,-1830.184,7,12,0.5833,9.6,18.8,0.5106,26,7,-15.6,300,-0.000178,2710.81543,1.421825
173,medium_battery,-2413.46,7,12,0.5833,10.6,18.8,0.5638,16,5,-11.8,300,0.0001,4046.227539,1.465397
174,medium_battery,-2960.506,5,12,0.4167,7.0,18.8,0.3723,54,4,-43.4,300,-4e-06,4301.965332,1.450079
175,medium_battery,-2175.206,3,12,0.25,4.0,18.8,0.2128,42,4,-17.6,300,-5e-06,2382.111816,1.434684
176,medium_battery,334.556,10,12,0.8333,15.2,18.8,0.8085,64,1,391.6,300,-0.000201,629.349609,1.254134
177,medium_battery,-901.422,7,12,0.5833,10.4,18.8,0.5532,28,4,69.6,300,-0.000276,1794.915894,1.428054
178,medium_battery,-1427.728,5,12,0.4167,7.4,18.8,0.3936,46,5,32.4,300,-0.0006,1728.775146,1.446897
179,medium_battery,-989.922,9,12,0.75,13.8,18.8,0.734,12,4,112.2,300,-0.000148,2776.425781,1.326321
180,medium_battery,-1837.95,6,12,0.5,9.6,18.8,0.5106,24,4,-2.8,300,-8.8e-05,3245.424072,1.41046
181,medium_battery,-2653.292,6,12,0.5,9.0,18.8,0.4787,26,6,-1.8,300,-0.000415,4086.251709,1.402415
182,medium_battery,-1663.486,8,12,0.6667,12.8,18.8,0.6809,34,5,3.4,300,-0.000662,3133.965576,1.429431
183,medium_battery,88.468,9,12,0.75,13.0,18.8,0.6915,16,3,363.2,300,-0.0006,1069.665039,1.287051
184,medium_battery,-1016.402,8,12,0.6667,12.2,18.8,0.6489,18,7,10.2,300,-0.001462,2103.785645,1.452057
185,medium_battery,-2764.43,10,12,0.8333,15.2,18.8,0.8085,190,3,-343.2,300,0.00018,7261.48584,1.204837
186,medium_battery,694.46,11,12,0.9167,17.4,18.8,0.9255,24,4,349.8,300,0.000253,899.1875,1.303414
187,medium_battery,-2514.776,6,12,0.5,8.0,18.8,0.4255,172,4,-323.8,300,-0.000417,5181.183594,1.438021
188,medium_battery,-797.128,7,12,0.5833,9.6,18.8,0.5106,22,8,114.6,300,-0.000145,1620.564575,1.451101
189,medium_battery,-1076.854,7,12,0.5833,10.2,18.8,0.5426,40,6,-0.4,300,-0.000284,1660.168945,1.452299
190,medium_battery,-679.922,7,12,0.5833,10.8,18.8,0.5745,36,6,83.0,300,-0.000436,1494.9729,1.447667
191,medium_battery,-2128.104,5,12,0.4167,7.6,18.8,0.4043,18,6,60.2,300,-0.000515,3174.041748,1.471041
192,medium_battery,-2373.162,6,12,0.5,8.6,18.8,0.4574,25,4,-15.4,300,0.00014,3448.5979,1.43201
193,medium_battery,-2394.502,6,12,0.5,8.4,18.8,0.4468,36,6,-12.4,300,-0.000167,3235.741211,1.466933
194,medium_battery,-686.332,8,12,0.6667,12.8,18.8,0.6809,22,4,154.6,300,-0.000207,2095.286621,1.438944
195,medium_battery,-1543.146,6,12,0.5,10.0,18.8,0.5319,20,7,-1.0,300,-0.000215,2459.445557,1.452505
196,medium_battery,-967.11,10,12,0.8333,15.2,18.8,0.8085,40,2,185.4,300,-0.000542,2525.947998,1.096732
197,medium_battery,-1188.856,8,12,0.6667,12.2,18.8,0.6489,34,5,50.4,300,-0.000515,2379.065918,1.423119
198,medium_battery,-2113.266,8,12,0.6667,13.8,18.8,0.734,20,4,-14.6,300,-0.000323,4010.506836,1.480489
199,medium_battery,-691.298,3,12,0.25,4.2,18.8,0.2234,42,5,23.8,300,-0.000299,522.589905,1.473583
200,medium_battery,-919.536,9,12,0.75,13.6,18.8,0.7234,28,4,168.4,300,-0.000191,2138.211914,1.42618
201,battery_pressure,-3646.632,7,12,0.5833,10.6,18.8,0.5638,56,9,-33.0,360,0.00024,4735.650879,1.458903
202,battery_pressure,-3845.066,6,12,0.5,8.6,18.8,0.4574,22,5,-34.8,360,-3.6e-05,4827.876465,1.430254
203,battery_pressure,-1895.806,9,12,0.75,13.0,18.8,0.6915,30,5,88.6,360,-0.000193,3091.432129,1.420866
204,battery_pressure,-3140.16,6,12,0.5,8.8,18.8,0.4681,14,8,5.6,360,9e-06,4140.111816,1.457119
205,battery_pressure,-3138.618,9,12,0.75,13.8,18.8,0.734,32,6,-26.2,360,-0.000114,4514.588867,1.301073
206,battery_pressure,-4134.002,7,12,0.5833,9.6,18.8,0.5106,22,7,-32.4,360,-7e-05,5351.346191,1.452933
207,battery_pressure,-4684.138,8,12,0.6667,11.0,18.8,0.5851,16,5,-26.4,360,-7.1e-05,6480.552734,1.411241
208,battery_pressure,-4292.292,7,12,0.5833,10.0,18.8,0.5319,34,6,-41.6,360,-0.000111,5354.404785,1.4507
209,battery_pressure,-2850.29,9,12,0.75,13.8,18.8,0.734,26,6,-19.8,360,-4e-05,4272.581543,1.317727
210,battery_pressure,-2891.36,5,12,0.4167,7.8,18.8,0.4149,26,6,-14.6,360,-0.000134,3490.604248,1.46691
211,battery_pressure,-5055.81,6,12,0.5,9.6,18.8,0.5106,32,6,-24.4,360,-6.8e-05,6546.134277,1.44896
212,battery_pressure,-4181.366,6,12,0.5,9.2,18.8,0.4894,22,7,-31.2,360,-1.1e-05,5740.769043,1.467474
213,battery_pressure,-4462.226,6,12,0.5,9.6,18.8,0.5106,24,8,-31.8,360,-0.000108,5392.708496,1.475231
214,battery_pressure,-4177.806,6,12,0.5,9.2,18.8,0.4894,64,6,-40.0,360,-8.2e-05,5321.138184,1.44188
215,battery_pressure,-708.21,12,12,1.0,18.8,18.8,1.0,42,1,196.0,262,-0.00015,3365.921875,1.009645
216,battery_pressure,-5041.606,7,12,0.5833,10.6,18.8,0.5638,84,6,-14.4,360,1.3e-05,7463.498047,1.419351
217,battery_pressure,-2767.478,7,12,0.5833,11.2,18.8,0.5957,22,7,9.8,360,-0.000117,4027.837646,1.477409
218,battery_pressure,-3798.634,8,12,0.6667,13.0,18.8,0.6915,40,4,-53.0,360,-2.5e-05,5534.151367,1.44439
219,battery_pressure,-2690.272,8,12,0.6667,12.2,18.8,0.6489,8,6,-21.8,360,-0.000116,3774.904297,1.41669
220,battery_pressure,-3120.358,9,12,0.75,14.2,18.8,0.7553,40,6,-34.8,360,-1.9e-05,4562.944336,1.380837
221,battery_pressure,-3772.526,6,12,0.5,9.0,18.8,0.4787,45,7,-48.8,360,-1.5e-05,5086.9375,1.448247
222,battery_pressure,-4130.892,6,12,0.5,9.8,18.8,0.5213,18,8,-24.4,360,-6e-05,5486.296875,1.471566
223,battery_pressure,-3717.668,6,12,0.5,9.8,18.8,0.5213,30,5,-36.8,360,-0.000118,4835.785156,1.444069
224,battery_pressure,-1286.396,7,12,0.5833,10.8,18.8,0.5745,16,9,24.0,360,-0.000267,1934.80249,1.470538
225,battery_pressure,-5089.212,6,12,0.5,7.6,18.8,0.4043,24,8,-35.0,360,-0.000102,6479.539062,1.419207
226,battery_pressure,-2535.41,8,12,0.6667,11.8,18.8,0.6277,40,5,13.0,360,-0.000329,3573.619629,1.426878
227,battery_pressure,-4693.452,7,12,0.5833,11.2,18.8,0.5957,14,7,-26.8,360,6.4e-05,6340.542969,1.443109
228,battery_pressure,-4146.428,7,12,0.5833,10.6,18.8,0.5638,28,7,-25.0,360,3e-06,5389.375,1.425515
229,battery_pressure,-1586.964,9,12,0.75,15.0,18.8,0.7979,12,3,209.4,360,-0.000336,3295.478516,1.371352
230,battery_pressure,-4583.892,8,12,0.6667,11.8,18.8,0.6277,26,6,-17.8,360,-9.5e-05,6182.888184,1.434166
231,battery_pressure,-3273.646,7,12,0.5833,10.6,18.8,0.5638,26,7,-30.2,360,2.3e-05,4129.222656,1.450518
232,battery_pressure,-3661.142,8,12,0.6667,13.4,18.8,0.7128,23,6,-26.0,360,-2.2e-05,5105.865234,1.453108
233,battery_pressure,-5385.768,7,12,0.5833,10.0,18.8,0.5319,32,6,-28.4,360,-0.000135,6754.080078,1.443967
234,battery_pressure,-3587.45,7,12,0.5833,10.8,18.8,0.5745,26,4,-30.0,360,-0.000166,4535.253906,1.431082
235,battery_pressure,-3105.688,6,12,0.5,8.6,18.8,0.4574,28,11,18.8,360,-7.8e-05,3972.937256,1.464953
236,battery_pressure,-4489.0,6,12,0.5,9.4,18.8,0.5,32,8,-20.4,360,-3.4e-05,6078.827148,1.452963
237,battery_pressure,-2653.238,9,12,0.75,14.8,18.8,0.7872,0,7,-22.6,360,-0.000212,4259.58252,1.448579
238,battery_pressure,-1938.772,7,12,0.5833,10.4,18.8,0.5532,30,7,-24.8,360,-0.000205,2712.236084,1.436131
239,battery_pressure,-2148.354,9,12,0.75,13.0,18.8,0.6915,40,6,75.6,360,-6.7e-05,3007.712891,1.354076
240,battery_pressure,-1435.878,9,12,0.75,13.8,18.8,0.734,20,4,155.2,360,-0.000151,2589.442871,1.230313
241,battery_pressure,-536.414,8,12,0.6667,12.2,18.8,0.6489,22,6,42.8,360,-0.000535,1036.473511,1.463452
242,battery_pressure,-1830.496,8,12,0.6667,13.0,18.8,0.6915,8,6,34.4,360,5.8e-05,2994.189209,1.47209
243,battery_pressure,-3333.788,9,12,0.75,14.2,18.8,0.7553,18,3,-22.4,360,-0.000191,5009.872559,1.269214
244,battery_pressure,-3436.942,8,12,0.6667,12.8,18.8,0.6809,26,8,-32.0,360,-0.000128,5255.598633,1.44787
245,battery_pressure,-4408.0,7,12,0.5833,10.6,18.8,0.5638,26,5,-35.2,360,-0.000294,5511.333984,1.455852
246,battery_pressure,-4336.456,8,12,0.6667,12.8,18.8,0.6809,38,6,-37.4,360,-0.000274,5387.067383,1.418413
247,battery_pressure,-3069.44,6,12,0.5,8.6,18.8,0.4574,28,5,-40.8,360,-0.000133,3712.37915,1.469564
248,battery_pressure,-4080.09,2,12,0.1667,3.2,18.8,0.1702,48,8,-53.4,360,-0.000215,3924.185547,1.480403
249,battery_pressure,-2647.418,7,12,0.5833,10.0,18.8,0.5319,18,9,19.4,360,-0.000131,3205.046631,1.46594
250,battery_pressure,-242.032,9,12,0.75,13.8,18.8,0.734,40,4,179.0,360,-0.000133,1112.985474,1.283792
251,battery_pressure,-5569.64,5,12,0.4167,7.2,18.8,0.383,52,7,-39.8,360,-7.7e-05,7172.00293,1.458899
252,battery_pressure,-2121.66,9,12,0.75,13.8,18.8,0.734,30,7,93.0,360,-0.000135,3585.520996,1.414223
253,battery_pressure,-3230.994,5,12,0.4167,6.6,18.8,0.3511,30,5,-41.0,360,-8.2e-05,3094.081299,1.454123
254,battery_pressure,-204.494,11,12,0.9167,16.6,18.8,0.883,38,2,255.2,360,-0.000116,1507.661499,1.144091
255,battery_pressure,385.316,10,12,0.8333,15.2,18.8,0.8085,44,3,367.4,360,-7.1e-05,590.970459,1.083222
256,battery_pressure,-3511.452,7,12,0.5833,10.4,18.8,0.5532,18,6,49.0,360,-0.000148,4974.19043,1.442157
257,battery_pressure,-3893.15,6,12,0.5,8.6,18.8,0.4574,46,7,-20.6,360,-0.00018,4584.60791,1.46454
258,battery_pressure,-3902.656,7,12,0.5833,9.0,18.8,0.4787,2,7,-24.8,360,-1.6e-05,4954.715332,1.470152
259,battery_pressure,-162.156,12,12,1.0,18.8,18.8,1.0,6,3,237.2,317,-6.4e-05,2291.935059,1.254038
260,battery_pressure,-1639.796,8,12,0.6667,11.8,18.8,0.6277,32,5,71.6,360,-0.00023,2382.82251,1.44825
261,battery_pressure,-1079.222,7,12,0.5833,10.4,18.8,0.5532,20,8,-8.0,360,-0.000147,1330.576294,1.468353
262,battery_pressure,-3717.822,3,12,0.25,4.8,18.8,0.2553,16,6,-45.6,360,-0.000133,3837.955566,1.45559
263,battery_pressure,-4230.028,5,12,0.4167,7.8,18.8,0.4149,52,7,-62.8,360,-6.5e-05,5195.69043,1.440755
264,battery_pressure,-2299.912,10,12,0.8333,16.2,18.8,0.8617,28,4,91.0,360,-0.000126,3961.351074,1.409133
265,battery_pressure,-5442.456,6,12,0.5,9.2,18.8,0.4894,30,5,-32.4,360,-0.000128,7030.547852,1.407731
266,battery_pressure,-4724.2,3,12,0.25,5.2,18.8,0.2766,24,8,-30.8,360,-0.000122,5355.210449,1.44914
267,battery_pressure,-2439.106,5,12,0.4167,7.2,18.8,0.383,22,10,0.6,360,-0.000266,2973.033691,1.485971
268,battery_pressure,-4939.486,5,12,0.4167,6.6,18.8,0.3511,36,6,-37.8,360,-0.000184,5765.32666,1.448192
269,battery_pressure,-4066.324,7,12,0.5833,10.2,18.8,0.5426,10,7,-24.2,360,-0.000103,5191.370117,1.471447
270,battery_pressure,-4412.83,8,12,0.6667,11.0,18.8,0.5851,20,5,-25.0,360,-0.000134,5456.294922,1.441114
271,battery_pressure,-4709.052,6,12,0.5,8.0,18.8,0.4255,24,7,-35.2,360,-0.000197,5493.237305,1.441126
272,battery_pressure,-3858.66,7,12,0.5833,10.6,18.8,0.5638,48,6,-19.8,360,-0.000163,4771.53125,1.467924
273,battery_pressure,-4244.434,8,12,0.6667,12.0,18.8,0.6383,30,7,-44.4,360,-7.1e-05,5571.161133,1.44344
274,battery_pressure,-4578.994,6,12,0.5,8.6,18.8,0.4574,24,6,-43.4,360,-0.00016,5067.198242,1.429407
275,battery_pressure,-2031.81,8,12,0.6667,12.8,18.8,0.6809,36,6,-25.4,360,-0.000157,2608.855713,1.397794
276,battery_pressure,-2585.37,6,12,0.5,9.6,18.8,0.5106,26,9,-15.8,360,-0.000234,3094.34375,1.47064
277,battery_pressure,-2634.716,8,12,0.6667,11.6,18.8,0.617,18,5,16.6,360,-0.000118,3401.745117,1.453075
278,battery_pressure,-1659.502,9,12,0.75,15.4,18.8,0.8191,30,4,61.2,360,-7.6e-05,2931.14624,1.455403
279,battery_pressure,-2322.522,8,12,0.6667,11.6,18.8,0.617,20,7,30.4,360,-0.000133,3458.239258,1.45249
280,battery_pressure,-1152.732,10,12,0.8333,14.6,18.8,0.7766,30,7,70.4,360,-8.8e-05,1754.287354,1.355159
281,battery_pressure,-2891.112,4,12,0.3333,5.0,18.8,0.266,24,10,-24.8,360,-0.000148,2771.912842,1.462626
282,battery_pressure,-2046.068,7,12,0.5833,10.0,18.8,0.5319,48,8,18.8,360,-6.7e-05,2750.157959,1.464161
283,battery_pressure,-3829.696,8,12,0.6667,12.4,18.8,0.6596,20,7,-25.2,360,-4.7e-05,5274.276367,1.45966
284,battery_pressure,-843.698,7,12,0.5833,11.6,18.8,0.617,59,6,88.0,360,-0.000184,1588.68335,1.459011
285,battery_pressure,-2506.898,10,12,0.8333,15.2,18.8,0.8085,68,3,61.8,360,-8.9e-05,3849.186279,1.171067
286,battery_pressure,-3107.354,6,12,0.5,9.6,18.8,0.5106,30,6,0.2,360,6e-06,3665.368896,1.463821
287,battery_pressure,-3298.164,8,12,0.6667,13.8,18.8,0.734,38,5,-29.4,360,-5e-05,4957.721191,1.463695
288,battery_pressure,-658.874,12,12,1.0,18.8,18.8,1.0,24,1,142.8,284,-1e-06,3040.742188,0.98356
289,battery_pressure,-3518.37,7,12,0.5833,9.6,18.8,0.5106,16,7,-27.4,360,-3.2e-05,4380.697754,1.405539
290,battery_pressure,-1429.644,10,12,0.8333,14.4,18.8,0.766,20,4,136.6,360,-0.000107,2481.966064,1.163492
291,battery_pressure,-3017.924,9,12,0.75,14.4,18.8,0.766,44,5,-45.8,360,-4.3e-05,4276.124023,1.442636
292,battery_pressure,-989.108,9,12,0.75,14.2,18.8,0.7553,24,6,89.0,360,-0.000124,2098.260498,1.441651
293,battery_pressure,-2445.962,7,12,0.5833,11.6,18.8,0.617,6,5,-26.0,360,-0.000117,3307.450684,1.410007
294,battery_pressure,-3166.934,9,12,0.75,15.0,18.8,0.7979,44,4,-54.0,360,2.4e-05,4897.699707,1.387169
295,battery_pressure,-2760.344,9,12,0.75,13.2,18.8,0.7021,30,5,-39.0,360,-0.000105,3526.618408,1.301965
296,battery_pressure,-4029.97,6,12,0.5,9.2,18.8,0.4894,28,7,-21.2,360,-0.000113,4935.974609,1.4514
297,battery_pressure,-2989.812,8,12,0.6667,11.6,18.8,0.617,22,7,8.4,360,-6.3e-05,3920.511963,1.463781
298,battery_pressure,-3132.27,9,12,0.75,13.4,18.8,0.7128,12,6,-23.4,360,-0.000129,4200.268066,1.415967
299,battery_pressure,-2681.244,8,12,0.6667,11.6,18.8,0.617,34,6,49.8,360,-0.000103,3664.884033,1.463752
300,battery_pressure,-3502.302,7,12,0.5833,9.0,18.8,0.4787,28,5,-31.2,360,-3.2e-05,3967.556396,1.374919
301,battery_pressure,-2545.326,9,12,0.75,13.2,18.8,0.7021,26,6,75.0,360,-5e-05,3418.0979,1.374686
302,battery_pressure,-1417.334,8,12,0.6667,12.6,18.8,0.6702,16,6,29.8,360,-9.6e-05,2105.820312,1.425566
303,battery_pressure,-3033.85,7,12,0.5833,10.2,18.8,0.5426,18,6,-12.4,360,-4.9e-05,3796.450684,1.424193
304,battery_pressure,-3526.412,7,12,0.5833,10.6,18.8,0.5638,32,7,-29.2,360,-8.1e-05,4188.998535,1.423853
305,battery_pressure,-730.6,10,12,0.8333,15.2,18.8,0.8085,22,4,157.2,360,-5.3e-05,1785.388184,1.218853
306,battery_pressure,-2828.018,6,12,0.5,8.6,18.8,0.4574,30,6,-25.4,360,-0.000296,3228.657715,1.464115
307,battery_pressure,-703.996,10,12,0.8333,15.2,18.8,0.8085,26,6,216.2,360,-0.000363,1601.668579,1.351749
308,battery_pressure,-2462.942,7,12,0.5833,10.8,18.8,0.5745,4,7,34.4,360,-0.000413,3236.186523,1.445073
309,battery_pressure,-1006.738,10,12,0.8333,16.0,18.8,0.8511,24,4,204.8,360,-0.000335,2601.510254,1.27814
310,battery_pressure,-1950.756,8,12,0.6667,11.6,18.8,0.617,26,6,13.6,360,-5.2e-05,2841.549316,1.430124
311,battery_pressure,-2605.75,8,12,0.6667,11.8,18.8,0.6277,38,4,-1.4,360,-0.000229,3352.682129,1.42416
312,battery_pressure,-1897.924,6,12,0.5,9.4,18.8,0.5,22,5,-1.2,360,-0.000563,2266.547363,1.435426
313,battery_pressure,-2701.696,7,12,0.5833,10.0,18.8,0.5319,34,6,-48.0,360,-0.00014,3265.305664,1.461704
314,battery_pressure,-2133.052,10,12,0.8333,15.2,18.8,0.8085,26,5,6.8,360,-0.000304,3477.574463,1.384876
315,battery_pressure,-211.726,11,12,0.9167,17.4,18.8,0.9255,40,1,266.8,360,5.8e-05,1697.445312,0.976615
316,battery_pressure,-3042.116,9,12,0.75,13.0,18.8,0.6915,22,5,-23.8,360,-9.8e-05,4025.912842,1.373129
317,battery_pressure,-2955.332,8,12,0.6667,11.6,18.8,0.617,6,5,60.6,360,-0.000121,3788.810791,1.436416
318,battery_pressure,-3303.066,8,12,0.6667,11.6,18.8,0.617,16,5,-35.8,360,-0.000137,3937.263184,1.450334
319,battery_pressure,-3865.89,6,12,0.5,9.8,18.8,0.5213,20,8,-27.8,360,-0.000151,4741.634277,1.435403
320,battery_pressure,-3220.148,8,12,0.6667,11.6,18.8,0.617,14,5,-40.2,360,-9.4e-05,3663.0979,1.446635
321,battery_pressure,-1590.688,8,12,0.6667,11.8,18.8,0.6277,40,9,96.0,360,-0.000145,2406.42627,1.447889
322,battery_pressure,-2674.2,5,12,0.4167,7.4,18.8,0.3936,16,7,-28.2,360,-0.000123,2839.666748,1.476532
323,battery_pressure,-2436.118,8,12,0.6667,11.6,18.8,0.617,8,6,-29.6,360,-0.000249,3020.4104,1.447104
324,battery_pressure,-4767.452,5,12,0.4167,7.0,18.8,0.3723,28,7,-44.0,360,-0.000284,5253.194336,1.435562
325,battery_pressure,-2643.658,8,12,0.6667,11.6,18.8,0.617,42,5,-42.8,360,-4.9e-05,2854.805664,1.349595
326,battery_pressure,-2447.77,8,12,0.6667,11.8,18.8,0.6277,16,7,-15.6,360,-0.000161,3140.758789,1.468261
327,battery_pressure,-3426.382,8,12,0.6667,11.6,18.8,0.617,12,6,-38.2,360,-3.8e-05,4000.118164,1.456329
328,battery_pressure,-3194.712,7,12,0.5833,11.0,18.8,0.5851,8,8,-47.2,360,-0.00022,3488.85083,1.433832
329,battery_pressure,-945.788,8,12,0.6667,12.6,18.8,0.6702,26,8,-4.2,360,-0.0003,1398.754761,1.45622
330,battery_pressure,-2306.924,9,12,0.75,13.0,18.8,0.6915,6,6,60.2,360,6.5e-05,3091.91748,1.342888
331,battery_pressure,-3078.758,9,12,0.75,13.8,18.8,0.734,44,5,9.0,360,-5.2e-05,4264.499512,1.316835
332,battery_pressure,-2659.918,8,12,0.6667,12.2,18.8,0.6489,14,4,56.8,360,-0.000241,3655.767822,1.432021
333,battery_pressure,-4336.904,6,12,0.5,8.6,18.8,0.4574,30,8,-26.6,360,-0.000175,4905.944336,1.43467
334,battery_pressure,-4005.88,7,12,0.5833,10.0,18.8,0.5319,42,5,-41.4,360,-8.2e-05,4269.962891,1.420208
335,battery_pressure,-3137.238,9,12,0.75,13.4,18.8,0.7128,26,6,-37.2,360,-0.000231,3891.352295,1.346298
336,battery_pressure,-2220.238,7,12,0.5833,10.8,18.8,0.5745,22,9,36.6,360,-0.000374,2724.761963,1.46234
337,battery_pressure,-1827.41,9,12,0.75,14.0,18.8,0.7447,26,6,-26.4,360,-0.000252,2661.670654,1.469843
338,battery_pressure,-2264.0,7,12,0.5833,9.6,18.8,0.5106,58,7,-24.0,360,-0.000567,2544.526123,1.447358
339,battery_pressure,-2985.566,7,12,0.5833,10.2,18.8,0.5426,44,6,-9.2,360,-0.000183,3340.466064,1.378985
340,battery_pressure,-2969.192,9,12,0.75,13.8,18.8,0.734,34,4,-50.6,360,-0.000205,3812.861816,1.196534
341,battery_pressure,-2012.836,9,12,0.75,13.8,18.8,0.734,46,5,34.6,360,-0.00029,2768.614014,1.320459
342,battery_pressure,-1744.246,10,12,0.8333,16.0,18.8,0.8511,26,2,136.4,360,-0.000109,3453.421631,1.134193
343,battery_pressure,-2746.266,8,12,0.6667,12.8,18.8,0.6809,20,4,-36.8,360,-0.0001,3177.294434,1.412921
344,battery_pressure,-2023.642,10,12,0.8333,15.2,18.8,0.8085,42,7,12.0,360,-0.000117,3087.866455,1.367928
345,battery_pressure,-313.226,11,12,0.9167,17.4,18.8,0.9255,36,3,367.2,360,-0.000157,1683.440796,1.137815
346,battery_pressure,-2585.298,7,12,0.5833,10.8,18.8,0.5745,24,7,-43.2,360,-0.000107,2717.897217,1.444632
347,battery_pressure,-2303.144,7,12,0.5833,10.6,18.8,0.5638,14,6,-25.4,360,-9.3e-05,2870.640625,1.430645
348,battery_pressure,-1139.322,8,12,0.6667,11.6,18.8,0.617,30,5,24.0,360,-0.000141,1274.144165,1.439608
349,battery_pressure,-2068.648,7,12,0.5833,9.8,18.8,0.5213,18,6,-47.2,360,-0.00028,2092.831543,1.419189
350,battery_pressure,-56.326,10,12,0.8333,15.2,18.8,0.8085,14,4,188.6,360,-7.2e-05,990.858521,1.162787
351,target,-4661.326,7,12,0.5833,10.4,18.8,0.5532,12,8,-43.6,420,-0.000142,4581.360352,1.422105
352,target,-5307.868,7,12,0.5833,11.2,18.8,0.5957,38,6,-67.8,420,-4.9e-05,4991.961426,1.43842
353,target,-5322.236,6,12,0.5,9.6,18.8,0.5106,12,4,-74.4,420,-0.000117,4678.716309,1.42772
354,target,-2939.75,9,12,0.75,13.2,18.8,0.7021,48,7,-99.4,420,-6e-05,2689.569092,1.354612
355,target,-3036.1,9,12,0.75,15.6,18.8,0.8298,8,7,-33.6,420,-7.3e-05,3590.048828,1.357399
356,target,-4849.684,6,12,0.5,8.6,18.8,0.4574,28,7,-60.6,420,-6.9e-05,4414.4375,1.439103
357,target,-4380.154,8,12,0.6667,11.0,18.8,0.5851,18,5,-61.0,420,-0.000104,3889.47876,1.387856
358,target,-4534.412,8,12,0.6667,12.0,18.8,0.6383,42,5,-53.0,420,-7.7e-05,4580.231934,1.418144
359,target,-3442.838,8,12,0.6667,13.2,18.8,0.7021,22,7,4.6,420,-0.000527,3111.461426,1.405574
360,target,-1561.166,11,12,0.9167,17.4,18.8,0.9255,20,4,204.0,420,-1.4e-05,2636.200684,1.214522
361,target,-6584.568,7,12,0.5833,10.8,18.8,0.5745,36,6,-50.4,420,-9.2e-05,6642.702637,1.427256
362,target,-5827.746,5,12,0.4167,7.4,18.8,0.3936,32,9,-44.8,420,-0.000195,5661.132324,1.417821
363,target,-3487.98,8,12,0.6667,11.8,18.8,0.6277,23,5,-54.4,420,-0.00017,2970.500732,1.361516
364,target,-5372.542,7,12,0.5833,10.6,18.8,0.5638,6,8,-44.0,420,-0.000103,5422.643066,1.425816
365,target,-3903.91,10,12,0.8333,15.2,18.8,0.8085,18,2,84.6,420,-3.7e-05,4765.836914,1.009826
366,target,-5448.422,5,12,0.4167,7.6,18.8,0.4043,40,8,-83.8,420,-1.2e-05,4883.713379,1.415467
367,target,-2545.224,10,12,0.8333,15.4,18.8,0.8191,24,4,89.8,420,-0.000102,3102.785156,1.254528
368,target,-3719.964,8,12,0.6667,11.0,18.8,0.5851,30,8,-42.6,420,-0.000198,3223.053955,1.434418
369,target,-5584.062,9,12,0.75,13.2,18.8,0.7021,24,7,-42.0,420,-3.9e-05,6497.553711,1.389072
370,target,-4975.11,9,12,0.75,13.0,18.8,0.6915,18,6,-55.4,420,-4.1e-05,5384.748047,1.263637
371,target,-3071.398,6,12,0.5,9.4,18.8,0.5,38,9,-46.6,420,-8.6e-05,3085.518311,1.453356
372,target,-2933.86,9,12,0.75,13.8,18.8,0.734,28,8,45.4,420,-6e-05,3188.558105,1.308028
373,target,-2916.918,9,12,0.75,13.0,18.8,0.6915,34,7,44.4,420,-0.000193,2564.780518,1.382342
374,target,-4506.756,7,12,0.5833,10.8,18.8,0.5745,34,7,-39.6,420,-0.000105,4793.312012,1.440962
375,target,-3390.944,10,12,0.8333,15.2,18.8,0.8085,28,3,87.8,420,-0.000245,3921.82251,1.045631
376,target,-3921.578,5,12,0.4167,6.4,18.8,0.3404,24,7,-68.0,420,-0.000136,3249.013184,1.365671
377,target,-5126.13,2,12,0.1667,3.2,18.8,0.1702,36,8,-74.8,420,-0.000406,3782.823242,1.379823
378,target,-4161.772,6,12,0.5,8.6,18.8,0.4574,26,10,-66.8,420,-0.000238,3458.174316,1.40164
379,target,-4030.48,9,12,0.75,14.2,18.8,0.7553,8,6,-54.6,420,-0.000374,3867.878174,1.343817
380,target,-4547.298,5,12,0.4167,6.4,18.8,0.3404,30,6,-89.0,420,-0.00017,3318.192871,1.388114
381,target,-7855.298,5,12,0.4167,7.0,18.8,0.3723,38,8,-41.6,420,-0.000199,7732.394531,1.388274
382,target,-1007.618,12,12,1.0,18.8,18.8,1.0,30,6,241.0,417,-1.8e-05,2503.355469,1.161576
383,target,-5654.77,10,12,0.8333,14.4,18.8,0.766,20,4,-28.2,420,-2.7e-05,6423.270508,1.198734
384,target,-4240.22,4,12,0.3333,6.8,18.8,0.3617,18,8,-80.6,420,-0.000285,3051.634521,1.363609
385,target,-3852.038,5,12,0.4167,7.0,18.8,0.3723,22,6,-25.6,420,-0.000103,3348.301514,1.405888
386,target,-2912.676,8,12,0.6667,12.8,18.8,0.6809,34,7,7.6,420,-0.000107,3261.59082,1.435228
387,target,-5494.458,5,12,0.4167,7.0,18.8,0.3723,18,7,-92.6,420,-0.000144,4509.576172,1.346391
388,target,-4620.226,9,12,0.75,13.8,18.8,0.734,8,6,-36.4,420,-0.000305,4973.658691,1.40624
389,target,-5895.112,6,12,0.5,8.0,18.8,0.4255,34,7,-48.6,420,-0.000361,5581.335938,1.385409
390,target,-4002.894,6,12,0.5,9.6,18.8,0.5106,10,7,-56.2,420,-0.000353,3596.257568,1.381539
391,target,-3852.92,5,12,0.4167,7.6,18.8,0.4043,18,5,-58.0,420,-0.000502,2964.428711,1.398732
392,target,-3974.258,10,12,0.8333,15.2,18.8,0.8085,14,7,39.0,420,-0.000218,4664.828125,1.227873
393,target,-3507.688,9,12,0.75,14.0,18.8,0.7447,42,4,-69.0,420,-9.6e-05,3328.136963,1.279051
394,target,-4977.888,5,12,0.4167,8.0,18.8,0.4255,34,4,-91.0,420,-0.000181,3954.092041,1.363146
395,target,-3494.824,7,12,0.5833,9.6,18.8,0.5106,26,5,-76.4,420,-0.000541,2376.116699,1.343684
396,target,-4108.496,6,12,0.5,8.0,18.8,0.4255,16,6,-71.2,420,-0.000194,3316.495117,1.372651
397,target,-2928.61,9,12,0.75,13.2,18.8,0.7021,30,5,17.2,420,-0.000516,2776.704834,1.294162
398,target,-5544.802,4,12,0.3333,4.8,18.8,0.2553,12,7,-62.0,420,-0.000488,4728.026367,1.366116
399,target,-3352.794,10,12,0.8333,15.2,18.8,0.8085,20,3,-41.8,420,-0.000135,3763.640381,1.148314
400,target,-5245.154,7,12,0.5833,10.8,18.8,0.5745,40,6,-74.2,420,-0.000338,4865.026855,1.380214
401,target,-2616.768,11,12,0.9167,16.6,18.8,0.883,35,5,-18.2,420,-7.7e-05,3039.601318,1.208148
402,target,-3918.97,7,12,0.5833,9.4,18.8,0.5,48,4,-68.0,420,-0.000479,2996.746582,1.329973
403,target,-3221.762,5,12,0.4167,8.4,18.8,0.4468,10,7,-23.4,420,-0.000328,2365.36499,1.351037
404,target,-4828.862,7,12,0.5833,10.4,18.8,0.5532,44,6,-71.4,420,-0.000373,4803.902344,1.426904
405,target,-2424.73,10,12,0.8333,14.4,18.8,0.766,54,3,54.6,420,-0.000133,2525.841797,1.126067
406,target,-3914.542,4,12,0.3333,5.6,18.8,0.2979,20,6,-112.0,420,-0.000657,2040.470947,1.262756
407,target,-6741.944,4,12,0.3333,6.0,18.8,0.3191,22,6,-60.8,420,-0.000289,6256.291504,1.372348
408,target,-2772.38,5,12,0.4167,6.4,18.8,0.3404,20,5,-90.4,420,-0.001161,1493.315552,1.260914
409,target,-4546.624,7,12,0.5833,9.6,18.8,0.5106,12,8,-82.2,420,-0.000559,3608.244385,1.319963
410,target,-1481.03,7,12,0.5833,9.6,18.8,0.5106,30,7,-21.4,420,-0.000629,983.18689,1.342126
411,target,-4027.82,7,12,0.5833,10.4,18.8,0.5532,14,7,-74.8,420,-0.000818,3127.179688,1.287842
412,target,-3326.15,5,12,0.4167,8.4,18.8,0.4468,34,10,-84.6,420,-0.00041,2263.614258,1.28469
413,target,-2032.372,8,12,0.6667,13.2,18.8,0.7021,18,8,-38.6,420,-0.000258,2046.244385,1.335598
414,target,-2212.212,8,12,0.6667,12.0,18.8,0.6383,8,9,-82.4,420,-0.000364,1364.409424,1.278108
415,target,-3090.022,7,12,0.5833,10.0,18.8,0.5319,20,6,-88.0,420,-0.000381,2042.589966,1.249146
416,target,-6261.924,5,12,0.4167,7.0,18.8,0.3723,36,6,-75.0,420,-0.000275,5360.783691,1.355753
417,target,-2112.84,8,12,0.6667,12.8,18.8,0.6809,36,8,6.0,420,-0.000201,1971.944458,1.374846
418,target,-724.71,11,12,0.9167,16.6,18.8,0.883,12,4,111.8,420,-6.1e-05,1376.455566,1.01609
419,target,-3966.656,7,12,0.5833,10.6,18.8,0.5638,18,7,-60.2,420,-9.6e-05,3769.143799,1.350379
420,target,-4801.72,8,12,0.6667,11.6,18.8,0.617,38,7,-73.0,420,-0.00033,4303.228516,1.366923
421,target,-4825.078,8,12,0.6667,12.4,18.8,0.6596,24,5,-53.0,420,-0.000357,4705.567383,1.370022
422,target,-2588.636,9,12,0.75,13.2,18.8,0.7021,18,5,-66.6,420,-4e-05,2311.055908,1.196599
423,target,-2860.728,8,12,0.6667,11.6,18.8,0.617,36,4,-75.0,420,-0.000188,2001.69812,1.231552
424,target,-3307.162,5,12,0.4167,8.2,18.8,0.4362,36,9,-85.0,420,-0.000166,2303.522217,1.333946
425,target,-1772.222,6,12,0.5,8.6,18.8,0.4574,4,7,-43.4,420,-0.001156,911.438416,1.200604
426,target,-3725.572,8,12,0.6667,12.2,18.8,0.6489,26,8,-47.8,420,-0.00031,3409.919678,1.334365
427,target,-3731.662,7,12,0.5833,9.0,18.8,0.4787,28,5,-80.2,420,-0.000415,2623.435547,1.273044
428,target,-3405.574,7,12,0.5833,9.6,18.8,0.5106,18,6,-91.8,420,-0.000707,2195.287842,1.234242
429,target,-3816.796,3,12,0.25,5.2,18.8,0.2766,20,7,-117.4,420,-0.0007,2309.167969,1.205952
430,target,-3474.924,8,12,0.6667,11.8,18.8,0.6277,12,6,-53.2,420,-0.000626,3036.706055,1.313534
431,target,-3420.408,8,12,0.6667,11.4,18.8,0.6064,30,6,-64.8,420,-0.001497,2825.147705,1.273438
432,target,-3313.982,8,12,0.6667,11.8,18.8,0.6277,37,4,-84.8,420,-0.000608,2561.368164,1.247156
433,target,-2082.704,7,12,0.5833,10.6,18.8,0.5638,22,4,-132.8,420,-0.000962,946.9198,0.993975
434,target,-2587.118,4,12,0.3333,5.4,18.8,0.2872,16,7,-74.4,420,-0.000654,1445.546631,1.187016
435,target,-2831.08,8,12,0.6667,11.6,18.8,0.617,22,8,-60.4,420,-0.000319,2198.935059,1.318624
436,target,-4312.056,6,12,0.5,8.4,18.8,0.4468,24,6,-88.0,420,-0.00093,2811.829346,1.209879
437,target,-4016.828,7,12,0.5833,9.0,18.8,0.4787,36,10,-71.8,420,-0.000424,2814.781738,1.284071
438,target,-2453.37,4,12,0.3333,5.8,18.8,0.3085,24,9,-92.0,420,-0.001272,1043.939209,1.095981
439,target,-3281.598,4,12,0.3333,7.0,18.8,0.3723,20,9,-92.0,420,-0.001686,2156.513672,1.207273
440,target,-2116.944,7,12,0.5833,10.8,18.8,0.5745,12,7,-23.8,420,-0.00083,1578.530151,1.168105
441,target,-1989.25,5,12,0.4167,7.4,18.8,0.3936,44,7,-114.4,420,-0.000899,781.042786,1.059309
442,target,-3199.958,5,12,0.4167,7.0,18.8,0.3723,24,7,-95.4,420,-0.001657,1679.455566,1.151414
443,target,-555.214,7,12,0.5833,10.4,18.8,0.5532,14,6,15.2,420,-0.000617,474.890076,1.144919
444,target,-2856.48,2,12,0.1667,3.2,18.8,0.1702,6,8,-98.8,420,-0.000607,1545.880249,1.129913
445,target,-2798.282,4,12,0.3333,5.8,18.8,0.3085,28,9,-98.0,420,-0.000605,1233.530762,1.140334
446,target,-2354.46,7,12,0.5833,10.6,18.8,0.5638,20,8,-112.2,420,-0.000691,1294.126099,1.086223
447,target,-2879.798,6,12,0.5,9.0,18.8,0.4787,30,7,-123.8,420,-0.00082,1674.966187,1.086771
448,target,-2240.728,4,12,0.3333,5.6,18.8,0.2979,8,7,-115.4,420,-0.001949,880.143066,0.985275
449,target,-1698.25,4,12,0.3333,5.8,18.8,0.3085,10,7,-105.4,420,-0.001506,581.745056,0.976903
450,target,-2016.022,4,12,0.3333,5.8,18.8,0.3085,20,8,-77.0,420,-0.001727,828.950012,1.04065
451,target,-982.03,6,12,0.5,8.6,18.8,0.4574,20,7,-135.4,420,-0.000914,362.909943,0.739077
452,target,-1054.288,4,12,0.3333,6.4,18.8,0.3404,16,7,-31.8,420,-0.002482,389.115204,1.01033
453,target,-1610.158,5,12,0.4167,7.4,18.8,0.3936,24,9,-59.0,420,-0.001501,654.176392,0.955406
454,target,-996.602,7,12,0.5833,9.6,18.8,0.5106,10,6,-107.2,420,-0.000211,439.6521,0.775393
455,target,-726.35,6,12,0.5,8.6,18.8,0.4574,16,9,-38.8,420,-0.000647,289.201233,0.722168
456,target,-931.488,6,12,0.5,8.6,18.8,0.4574,24,7,-106.2,420,-0.001035,261.069977,0.710487
457,target,-994.842,4,12,0.3333,5.6,18.8,0.2979,14,6,-92.4,420,-0.00097,179.219162,0.71578
458,target,-1498.48,6,12,0.5,7.6,18.8,0.4043,8,8,-78.8,420,-0.001094,592.248352,0.764419
459,target,-974.026,3,12,0.25,3.8,18.8,0.2021,4,7,-30.8,420,-0.001666,189.319107,0.838572
460,target,-613.032,6,12,0.5,8.6,18.8,0.4574,14,7,-98.4,420,-0.000814,236.694839,0.582135
461,target,-697.294,4,12,0.3333,6.2,18.8,0.3298,14,9,-32.8,420,-0.002361,265.393768,0.847643
462,target,-1007.45,2,12,0.1667,2.8,18.8,0.1489,2,8,-73.0,420,-0.000573,172.658463,0.821679
463,target,-175.378,7,12,0.5833,9.6,18.8,0.5106,6,6,32.4,420,-0.001274,221.548889,0.759953
464,target,-1732.524,4,12,0.3333,5.0,18.8,0.266,14,7,-108.2,420,-0.001498,615.793701,0.794151
465,target,-802.674,6,12,0.5,8.4,18.8,0.4468,20,7,-68.6,420,-0.001279,271.007629,0.812498
466,target,-1064.012,6,12,0.5,9.4,18.8,0.5,8,7,-122.4,420,-0.001182,437.234253,0.721373
467,target,-779.816,5,12,0.4167,7.0,18.8,0.3723,12,5,-83.8,420,-0.002764,221.742096,0.777968
468,target,-542.224,7,12,0.5833,9.6,18.8,0.5106,14,7,-65.2,420,-0.001922,231.421722,0.81084
469,target,-1476.934,3,12,0.25,4.0,18.8,0.2128,10,6,-134.2,420,0.001711,326.456696,0.739601
470,target,-1341.706,7,12,0.5833,9.6,18.8,0.5106,14,6,-123.2,420,-0.001481,550.658142,0.807008
471,target,-1712.556,5,12,0.4167,7.6,18.8,0.4043,13,6,-92.8,420,-0.002082,688.572327,0.993124
472,target,-959.788,7,12,0.5833,9.8,18.8,0.5213,10,5,-114.0,420,-0.00156,383.961334,0.792329
473,target,-753.616,7,12,0.5833,10.0,18.8,0.5319,30,5,-85.6,420,-0.001682,280.12381,0.779693
474,target,-987.5,6,12,0.5,8.0,18.8,0.4255,16,5,-116.6,420,-0.001964,301.345123,0.727944
475,target,-1228.164,10,12,0.8333,14.4,18.8,0.766,32,5,59.4,420,0.000348,1382.502441,0.65085
476,target,-1456.456,4,12,0.3333,6.0,18.8,0.3191,38,6,-151.0,420,-0.001938,379.397919,0.628802
477,target,-670.928,7,12,0.5833,9.6,18.8,0.5106,4,6,-122.2,420,-0.000525,301.209229,0.649148
478,target,-888.172,5,12,0.4167,6.6,18.8,0.3511,28,7,-109.6,420,-0.001099,205.904144,0.600279
479,target,-755.954,6,12,0.5,8.6,18.8,0.4574,8,6,-125.2,420,-0.001475,249.041931,0.659251
480,target,-378.396,7,12,0.5833,10.6,18.8,0.5638,14,4,-79.6,420,-0.001808,314.780518,0.727816
481,target,-843.702,6,12,0.5,8.6,18.8,0.4574,24,5,-148.2,420,-0.000857,224.847443,0.582937
482,target,-1207.984,6,12,0.5,8.6,18.8,0.4574,36,6,-130.4,420,-0.001554,360.786774,0.677479
483,target,-1060.52,6,12,0.5,7.8,18.8,0.4149,16,7,-122.6,420,-0.00199,298.613281,0.761727
484,target,-814.462,7,12,0.5833,9.6,18.8,0.5106,26,4,-140.8,420,-0.000724,286.524811,0.608686
485,target,-322.338,7,12,0.5833,9.6,18.8,0.5106,6,4,-108.6,420,-0.003538,233.073654,0.569485
486,target,-1583.236,6,12,0.5,8.6,18.8,0.4574,20,6,-143.8,420,0.000795,641.30957,0.758223
487,target,-846.268,7,12,0.5833,9.6,18.8,0.5106,12,5,-100.2,420,-0.002142,345.139862,0.786043
488,target,-1094.878,5,12,0.4167,6.6,18.8,0.3511,14,4,-137.0,420,-0.004017,239.034271,0.702959
489,target,-577.498,6,12,0.5,8.6,18.8,0.4574,12,5,-139.0,420,-0.000481,269.494537,0.501043
490,target,-1111.826,6,12,0.5,7.6,18.8,0.4043,18,6,-137.2,420,-0.003129,369.839447,0.597993
491,target,-677.67,8,12,0.6667,11.6,18.8,0.617,46,5,-138.4,420,-0.001336,327.535553,0.538331
492,target,-792.196,4,12,0.3333,4.8,18.8,0.2553,10,5,-107.8,420,-0.000365,154.679581,0.551786
493,target,-513.288,7,12,0.5833,9.6,18.8,0.5106,20,6,-107.2,420,-0.001739,193.251572,0.633527
494,target,-692.58,5,12,0.4167,7.4,18.8,0.3936,20,4,-114.4,420,-0.001021,236.23822,0.593494
495,target,-305.326,6,12,0.5,8.4,18.8,0.4468,10,6,-52.0,420,-0.002257,169.53363,0.71636
496,target,-858.024,6,12,0.5,8.6,18.8,0.4574,54,4,-146.2,420,-0.001977,374.154694,0.482243
497,target,-813.33,5,12,0.4167,6.4,18.8,0.3404,18,4,-135.2,420,-0.000477,162.321762,0.562346
498,target,-489.804,7,12,0.5833,10.6,18.8,0.5638,16,5,-138.6,420,-0.001907,303.369904,0.528443
499,target,-211.344,8,12,0.6667,11.0,18.8,0.5851,4,5,-117.8,420,0.000541,215.849792,0.58524
500,target,-453.628,6,12,0.5,8.6,18.8,0.4574,10,6,-132.4,420,-0.002035,225.463791,0.609401
501,target,-19.274,9,12,0.75,12.4,18.8,0.6596,16,5,79.2,420,-0.000514,306.896576,0.696178
502,target,152.222,9,12,0.75,13.8,18.8,0.734,6,3,-48.0,420,-0.000101,349.376953,0.465731
503,target,-1156.37,6,12,0.5,8.6,18.8,0.4574,40,7,-176.4,420,-0.002741,518.474731,0.567268
504,target,-1037.368,11,12,0.9167,16.8,18.8,0.8936,34,2,167.8,420,-0.000137,2203.986084,0.454867
505,target,-1552.122,5,12,0.4167,6.6,18.8,0.3511,60,5,-177.2,420,-0.001032,553.157959,0.586055
506,target,-763.116,6,12,0.5,9.6,18.8,0.5106,22,4,-125.2,420,-0.002211,328.162964,0.641624
507,target,-883.014,6,12,0.5,7.6,18.8,0.4043,8,7,-163.6,420,-0.003247,203.724258,0.557693
508,target,-321.616,8,12,0.6667,11.8,18.8,0.6277,6,5,-108.8,420,-0.002308,309.089661,0.563772
509,target,-983.542,10,12,0.8333,15.2,18.8,0.8085,39,5,-50.0,420,-0.00044,1323.962524,0.661993
510,target,-95.502,9,12,0.75,15.0,18.8,0.7979,26,3,-102.4,420,-0.001898,486.365509,0.539784
511,target,-320.364,6,12,0.5,9.2,18.8,0.4894,10,5,-107.2,420,-0.002569,291.345428,0.605027
512,target,-605.326,8,12,0.6667,11.6,18.8,0.617,20,4,-112.0,420,-0.001718,384.84256,0.682088
513,target,-801.462,10,12,0.8333,15.2,18.8,0.8085,12,4,46.4,420,-0.00017,1360.887573,0.519828
514,target,-745.614,9,12,0.75,13.0,18.8,0.6915,20,4,1.4,420,0.000116,745.255676,0.609871
515,target,-897.768,6,12,0.5,9.4,18.8,0.5,42,8,-128.2,420,-0.000159,397.151062,0.601596
516,target,-791.662,8,12,0.6667,11.0,18.8,0.5851,40,5,-122.0,420,-0.001962,343.60791,0.639086
517,target,-1173.228,10,12,0.8333,15.2,18.8,0.8085,46,3,50.2,420,-0.000752,1147.911011,0.689606
518,target,-681.98,5,12,0.4167,6.8,18.8,0.3617,12,7,-115.0,420,-0.001818,261.732697,0.683603
519,target,-372.25,7,12,0.5833,9.6,18.8,0.5106,8,4,-124.4,420,2.9e-05,213.247772,0.442724
520,target,-1028.01,9,12,0.75,13.2,18.8,0.7021,84,3,-98.2,420,-0.001697,892.244507,0.470535
521,target,-518.008,6,12,0.5,8.4,18.8,0.4468,14,4,-138.4,420,-0.000529,273.253754,0.519517
522,target,-540.58,7,12,0.5833,9.6,18.8,0.5106,26,4,-123.4,420,-0.001231,261.294189,0.557504
523,target,236.326,10,12,0.8333,14.4,18.8,0.766,12,2,203.2,420,-0.001138,289.835968,0.51795
524,target,-890.974,6,12,0.5,8.6,18.8,0.4574,54,4,-123.4,420,-0.000634,366.899841,0.517209
525,target,-870.932,10,12,0.8333,14.6,18.8,0.7766,22,2,82.2,420,-2.8e-05,1486.948853,0.458529
526,target,-776.274,11,12,0.9167,17.4,18.8,0.9255,44,1,129.4,420,0.000149,1782.421143,0.481748
527,target,-937.482,7,12,0.5833,9.6,18.8,0.5106,42,5,-150.4,420,-0.000551,348.079315,0.525794
528,target,-278.902,7,12,0.5833,9.6,18.8,0.5106,10,5,-110.0,420,-0.001489,223.898743,0.504471
529,target,8.902,12,12,1.0,18.8,18.8,1.0,10,2,260.8,314,-6.5e-05,1873.692871,0.647279
530,target,236.846,10,12,0.8333,15.2,18.8,0.8085,18,3,10.6,420,-0.000587,405.573029,0.638975
531,target,-691.696,10,12,0.8333,15.2,18.8,0.8085,66,2,-75.2,420,-0.000647,561.850098,0.487896
532,target,-455.11,10,12,0.8333,16.0,18.8,0.8511,8,3,31.0,420,-0.000842,1347.656616,0.538807
533,target,-63.018,9,12,0.75,13.0,18.8,0.6915,12,4,32.6,420,-0.001626,325.619507,0.5376
534,target,-418.466,8,12,0.6667,11.0,18.8,0.5851,10,6,-139.4,420,-0.00284,332.937775,0.579561
535,target,-231.798,11,12,0.9167,16.6,18.8,0.883,108,1,220.4,420,-0.002248,622.109009,0.365419
536,target,-538.468,7,12,0.5833,9.6,18.8,0.5106,42,4,-69.0,420,-0.000638,354.838409,0.710418
537,target,-510.786,7,12,0.5833,9.6,18.8,0.5106,8,6,-140.2,420,-0.00063,232.138718,0.583624
538,target,-91.51,10,12,0.8333,15.2,18.8,0.8085,54,2,70.4,420,-0.00151,575.615051,0.47791
539,target,-1523.872,11,12,0.9167,17.4,18.8,0.9255,41,4,92.8,420,-0.000673,2290.888916,0.683714
540,target,-269.658,7,12,0.5833,10.6,18.8,0.5638,2,4,-121.4,420,-0.001369,283.048126,0.50401
541,target,-1265.334,11,12,0.9167,16.6,18.8,0.883,20,1,88.0,420,-0.000168,2137.532227,0.391923
542,target,-340.986,7,12,0.5833,10.4,18.8,0.5532,14,4,-127.8,420,-0.000971,313.558136,0.578227
543,target,427.582,10,12,0.8333,16.0,18.8,0.8511,20,3,106.8,420,-0.00023,390.766174,0.539431
544,target,-3989.95,10,12,0.8333,15.2,18.8,0.8085,92,2,-77.0,420,-0.000303,4743.166504,0.436382
545,target,-77.706,9,12,0.75,13.8,18.8,0.734,22,3,44.0,420,-0.000533,363.687164,0.570781
546,target,-260.402,9,12,0.75,13.2,18.8,0.7021,42,3,22.6,420,-0.001291,414.380981,0.528734
547,target,388.592,10,12,0.8333,15.2,18.8,0.8085,14,2,39.6,420,-0.001578,288.232666,0.430721
548,target,-1087.044,8,12,0.6667,11.0,18.8,0.5851,44,4,-190.2,420,-0.000305,503.780457,0.522012
549,target,-690.108,7,12,0.5833,9.6,18.8,0.5106,32,4,-142.2,420,-0.000548,323.748444,0.544083
550,target,-512.514,6,12,0.5,7.6,18.8,0.4043,10,4,-111.6,420,-0.000296,161.659332,0.565524
551,target,318.74,10,12,0.8333,16.4,18.8,0.8723,22,2,84.8,420,-0.000297,435.14978,0.548395
552,target,-1554.988,11,12,0.9167,16.6,18.8,0.883,26,2,131.8,420,-0.000238,2297.459961,0.534417
553,target,74.25,10,12,0.8333,15.4,18.8,0.8191,44,2,138.6,420,-0.000917,372.25293,0.445826
554,target,-413.882,8,12,0.6667,11.8,18.8,0.6277,22,4,-152.6,420,-0.000556,344.705444,0.562544
555,target,85.284,10,12,0.8333,14.4,18.8,0.766,18,2,162.0,420,-0.000439,336.528656,0.522299
556,target,-1713.432,9,12,0.75,13.2,18.8,0.7021,42,3,-146.2,420,-6e-05,1491.036011,0.50653
557,target,598.3,12,12,1.0,18.8,18.8,1.0,40,1,279.2,411,-0.000184,650.740845,0.529169
558,target,641.842,11,12,0.9167,17.4,18.8,0.9255,12,1,248.4,420,-0.000384,408.273895,0.396829
559,target,197.39,12,12,1.0,18.8,18.8,1.0,48,1,249.4,317,-0.000388,943.805603,0.44808
560,target,619.734,11,12,0.9167,17.4,18.8,0.9255,12,1,230.4,420,-0.000196,454.350983,0.494681
561,target,-906.666,7,12,0.5833,9.0,18.8,0.4787,22,4,-184.8,420,-0.000354,374.455841,0.568545
562,target,-1852.974,11,12,0.9167,16.6,18.8,0.883,90,1,119.0,420,-1.7e-05,2768.749268,0.416317
563,target,-605.504,10,12,0.8333,15.2,18.8,0.8085,14,2,60.0,420,-1.3e-05,1063.85437,0.465781
564,target,-1287.356,9,12,0.75,13.2,18.8,0.7021,18,5,-112.4,420,-0.000142,1408.627441,0.586471
565,target,137.736,10,12,0.8333,16.0,18.8,0.8511,36,2,72.4,420,-0.000186,379.939178,0.4367
566,target,505.878,11,12,0.9167,17.4,18.8,0.9255,42,1,227.6,420,-5.9e-05,494.406982,0.42539
567,target,-1419.858,10,12,0.8333,15.2,18.8,0.8085,28,4,-80.8,420,-3.9e-05,1698.681641,0.485242
568,target,935.172,12,12,1.0,18.8,18.8,1.0,20,1,291.4,282,-0.000302,702.115356,0.619054
569,target,-63.2,10,12,0.8333,15.2,18.8,0.8085,32,4,26.2,420,-0.000648,443.231689,0.489011
570,target,-1372.188,11,12,0.9167,17.4,18.8,0.9255,52,1,151.2,420,-0.000238,2439.930176,0.440658
571,target,-652.762,8,12,0.6667,11.4,18.8,0.6064,30,4,-163.6,420,-0.000243,398.995178,0.580055
572,target,-693.822,8,12,0.6667,11.4,18.8,0.6064,36,4,-148.6,420,-0.001282,357.034271,0.567586
573,target,407.352,10,12,0.8333,16.0,18.8,0.8511,22,3,123.2,420,-0.001657,544.38562,0.510788
574,target,-567.03,11,12,0.9167,16.6,18.8,0.883,14,2,147.2,420,5.8e-05,1509.751831,0.517438
575,target,-2045.516,11,12,0.9167,16.6,18.8,0.883,72,1,186.8,420,1e-06,2522.897217,0.333512
576,target,-750.57,11,12,0.9167,16.6,18.8,0.883,52,2,197.2,420,-2.2e-05,1485.442017,0.415412
577,target,-1085.79,8,12,0.6667,11.8,18.8,0.6277,30,5,-170.4,420,-0.000952,539.008728,0.71017
578,target,-370.422,11,12,0.9167,16.8,18.8,0.8936,52,1,213.8,420,-0.000111,1341.655151,0.460418
579,target,-1146.634,11,12,0.9167,16.8,18.8,0.8936,16,1,152.0,420,-0.000107,2290.445557,0.431397
580,target,393.114,12,12,1.0,18.8,18.8,1.0,40,0,210.6,260,-0.000119,1090.213989,0.663313
581,target,-510.166,12,12,1.0,18.8,18.8,1.0,44,0,154.4,301,-0.000274,2389.25708,0.705099
582,target,319.234,11,12,0.9167,16.6,18.8,0.883,42,1,139.8,420,-0.000366,537.942688,0.398403
583,target,849.83,12,12,1.0,18.8,18.8,1.0,38,1,249.4,196,0.00012,938.6651,0.707762
584,target,-1260.382,11,12,0.9167,17.4,18.8,0.9255,82,1,139.4,420,-0.000178,2071.070801,0.448941
585,target,-1634.254,9,12,0.75,13.0,18.8,0.6915,109,3,-149.6,420,-5.7e-05,1205.047852,0.496995
586,target,-1034.02,11,12,0.9167,17.4,18.8,0.9255,36,1,156.4,420,-6.5e-05,2000.368286,0.436736
587,target,-2218.388,10,12,0.8333,14.6,18.8,0.7766,38,2,-87.2,420,-0.000615,2504.628906,0.482504
588,target,58.966,11,12,0.9167,16.8,18.8,0.8936,22,1,195.4,420,-0.000148,432.241241,0.451434
589,target,-332.138,10,12,0.8333,14.6,18.8,0.7766,32,3,92.4,420,-0.001517,462.856598,0.546171
590,target,-498.34,11,12,0.9167,16.6,18.8,0.883,56,2,223.2,420,0.000178,1169.257324,0.470225
591,target,-402.268,11,12,0.9167,16.6,18.8,0.883,60,1,209.0,420,-0.000198,1144.4552,0.403958
592,target,-984.364,11,12,0.9167,17.4,18.8,0.9255,48,1,131.4,420,-2.6e-05,1823.39917,0.499179
593,target,-820.042,11,12,0.9167,17.4,18.8,0.9255,28,2,185.0,420,-9e-05,1687.993774,0.51164
594,target,251.684,12,12,1.0,18.8,18.8,1.0,58,0,255.0,263,-5.1e-05,1519.627441,0.545778
595,target,-1657.848,12,12,1.0,18.8,18.8,1.0,85,1,158.2,394,-0.000234,2748.664551,0.565979
596,target,-367.988,10,12,0.8333,16.0,18.8,0.8511,38,2,1.0,420,-0.00081,694.031006,0.416642
597,target,-1032.87,11,12,0.9167,16.6,18.8,0.883,38,2,124.4,420,-0.000174,1956.397095,0.62828
598,target,41.978,11,12,0.9167,17.4,18.8,0.9255,40,1,202.6,420,-0.00023,726.83728,0.412273
599,target,38.378,11,12,0.9167,17.4,18.8,0.9255,56,2,213.6,420,-0.003698,598.828979,0.564174
600,target,307.632,11,12,0.9167,17.4,18.8,0.9255,34,1,247.6,420,-0.000572,552.100342,0.452692
601,target,-1912.672,11,12,0.9167,17.4,18.8,0.9255,38,1,59.6,420,9.7e-05,2682.987061,0.449342
602,target,-742.418,11,12,0.9167,17.4,18.8,0.9255,28,1,150.6,420,-0.000215,1628.48877,0.482451
603,target,-83.442,12,12,1.0,18.8,18.8,1.0,46,0,247.2,280,-0.000168,1980.394897,0.615196
604,target,305.776,11,12,0.9167,16.6,18.8,0.883,38,1,227.4,420,-0.00073,306.247253,0.450461
605,target,-866.304,10,12,0.8333,15.4,18.8,0.8191,54,2,52.0,420,-0.001002,1059.595215,0.529057
606,target,-67.722,10,12,0.8333,15.6,18.8,0.8298,32,2,92.0,420,-7.6e-05,514.235168,0.556383
607,target,-1397.962,11,12,0.9167,17.4,18.8,0.9255,32,1,119.0,420,0.000108,2302.542725,0.393634
608,target,-442.948,11,12,0.9167,16.8,18.8,0.8936,34,2,113.2,420,-0.000631,1024.128662,0.510526
609,target,-80.592,10,12,0.8333,14.4,18.8,0.766,36,3,94.4,420,-0.000486,396.448822,0.504729
610,target,619.016,12,12,1.0,18.8,18.8,1.0,56,0,286.0,190,-0.000515,1404.63208,0.603641
611,target,642.832,12,12,1.0,18.8,18.8,1.0,62,0,344.8,213,-0.000233,900.550476,0.604382
612,target,921.774,12,12,1.0,18.8,18.8,1.0,26,0,322.4,210,5.2e-05,715.022034,0.657687
613,target,74.798,10,12,0.8333,14.4,18.8,0.766,28,2,85.6,420,-0.001068,318.194092,0.428097
614,target,1097.172,12,12,1.0,18.8,18.8,1.0,12,1,275.8,165,0.000313,1040.05835,0.692523
615,target,622.19,12,12,1.0,18.8,18.8,1.0,58,0,325.2,268,-6.6e-05,736.922241,0.571681
616,target,824.262,12,12,1.0,18.8,18.8,1.0,42,0,326.0,180,0.000147,997.788391,0.752442
617,target,608.692,12,12,1.0,18.8,18.8,1.0,32,0,268.2,185,-0.001206,1026.484375,0.668366
618,target,-2150.966,11,12,0.9167,17.4,18.8,0.9255,72,1,52.0,420,-0.000192,3008.651855,0.348889
619,target,-1885.306,12,12,1.0,18.8,18.8,1.0,50,1,47.2,338,-0.000291,3280.130859,0.654662
620,target,-3062.602,11,12,0.9167,16.6,18.8,0.883,82,2,40.0,420,-7e-05,3921.075439,0.347841
621,target,293.742,11,12,0.9167,17.4,18.8,0.9255,38,1,178.2,420,-0.000547,532.342285,0.466667
622,target,-70.272,10,12,0.8333,15.2,18.8,0.8085,18,2,154.2,420,0.000242,500.963165,0.539737
623,target,282.2,10,12,0.8333,16.0,18.8,0.8511,8,2,102.8,420,-0.000754,471.593048,0.511455
624,target,-2578.228,11,12,0.9167,16.6,18.8,0.883,132,1,33.8,420,-0.000229,3264.956787,0.434117
625,target,-51.51,10,12,0.8333,16.0,18.8,0.8511,36,2,6.2,420,-0.00024,494.733734,0.487539
626,target,-958.288,10,12,0.8333,15.2,18.8,0.8085,46,2,63.2,420,-0.001005,968.292297,0.4685
627,target,-839.534,9,12,0.75,12.4,18.8,0.6596,66,3,-16.4,420,-0.000412,725.981262,0.611666
628,target,-55.108,12,12,1.0,18.8,18.8,1.0,46,1,133.8,347,-0.000382,1045.943726,0.489605
629,target,-1334.582,11,12,0.9167,17.4,18.8,0.9255,36,1,164.2,420,2.6e-05,2382.297363,0.448186
630,target,30.848,11,12,0.9167,16.6,18.8,0.883,58,2,215.6,420,-0.000624,633.853394,0.399685
631,target,-823.538,11,12,0.9167,16.6,18.8,0.883,46,1,194.8,420,5e-06,1468.327271,0.329299
632,target,81.048,11,12,0.9167,17.4,18.8,0.9255,51,2,234.4,420,-0.001036,709.428589,0.410721
633,target,-2194.704,10,12,0.8333,15.2,18.8,0.8085,36,2,-62.6,420,-0.000599,2636.751953,0.472406
634,target,-261.934,10,12,0.8333,14.6,18.8,0.7766,36,2,145.8,420,-0.0002,585.21637,0.509511
635,target,-623.33,9,12,0.75,13.0,18.8,0.6915,32,3,-111.6,420,-0.000534,419.569214,0.589816
636,target,361.32,12,12,1.0,18.8,18.8,1.0,78,0,159.6,240,0.000326,1239.384888,0.657201
637,target,703.176,12,12,1.0,18.8,18.8,1.0,56,0,241.4,221,-0.000756,748.84137,0.595958
638,target,-818.568,8,12,0.6667,11.0,18.8,0.5851,36,4,-101.8,420,-0.000938,533.102112,0.745864
639,target,-303.126,11,12,0.9167,17.4,18.8,0.9255,4,2,148.6,420,-0.000293,1516.934937,0.465702
640,target,-136.466,10,12,0.8333,15.2,18.8,0.8085,34,2,62.2,420,-0.000552,325.172485,0.402857
641,target,841.75,12,12,1.0,18.8,18.8,1.0,32,0,304.8,277,-0.002118,765.603149,0.549839
642,target,-463.788,11,12,0.9167,17.4,18.8,0.9255,72,1,114.2,420,-0.000433,1238.109253,0.378795
643,target,-2217.402,11,12,0.9167,17.4,18.8,0.9255,46,1,-2.2,420,0.000456,2981.865967,0.327488
644,target,879.554,12,12,1.0,18.8,18.8,1.0,36,0,312.0,193,7.3e-05,714.450745,0.66285
645,target,-220.896,10,12,0.8333,15.2,18.8,0.8085,20,2,87.6,420,-0.000473,541.508911,0.512822
646,target,-1199.994,11,12,0.9167,17.4,18.8,0.9255,28,2,211.6,420,-0.000156,2061.155273,0.480485
647,target,-2821.126,11,12,0.9167,16.6,18.8,0.883,48,1,63.2,420,-0.000479,3165.855469,0.306807
648,target,-3007.484,10,12,0.8333,14.4,18.8,0.766,38,2,-92.8,420,0.000156,3392.54834,0.414678
649,target,-1007.162,11,12,0.9167,17.8,18.8,0.9468,14,1,198.4,420,-7.8e-05,2179.293213,0.379634
650,target,-339.482,10,12,0.8333,14.4,18.8,0.766,34,3,154.8,420,-0.000664,379.684235,0.434232
651,target,-566.058,11,12,0.9167,16.6,18.8,0.883,26,1,189.2,420,-0.000462,1067.293701,0.310058
652,target,-329.674,9,12,0.75,13.8,18.8,0.734,22,3,6.4,420,-0.000377,384.951141,0.562467
653,target,-533.146,10,12,0.8333,15.2,18.8,0.8085,78,2,61.4,420,-0.000727,543.573669,0.471921
654,target,-677.016,10,12,0.8333,16.0,18.8,0.8511,64,2,26.0,420,-0.00039,1094.035889,0.484739
655,target,-56.436,10,12,0.8333,14.6,18.8,0.7766,38,2,189.8,420,-0.002191,426.825867,0.4654
656,target,-2139.142,10,12,0.8333,15.2,18.8,0.8085,60,2,-68.6,420,7e-06,2332.326172,0.471496
657,target,1001.49,12,12,1.0,18.8,18.8,1.0,20,0,258.6,224,0.000519,765.767395,0.575175
658,target,-219.306,10,12,0.8333,16.0,18.8,0.8511,28,2,-41.4,420,-0.001712,618.552795,0.402501
659,target,-1003.834,10,12,0.8333,16.0,18.8,0.8511,28,3,62.6,420,0.000122,1839.412109,0.422168
660,target,-1660.022,11,12,0.9167,16.6,18.8,0.883,28,1,79.6,420,-0.000234,2787.077393,0.330484
661,target,-2006.342,11,12,0.9167,16.6,18.8,0.883,86,1,85.2,420,3e-06,2707.048828,0.314704
662,target,333.016,11,12,0.9167,17.4,18.8,0.9255,24,2,187.6,420,-0.000696,508.780365,0.424272
663,target,908.056,12,12,1.0,18.8,18.8,1.0,12,1,203.8,178,-0.000845,1054.053345,0.673449
664,target,-1288.786,10,12,0.8333,15.2,18.8,0.8085,48,2,69.8,420,-0.000242,1772.263062,0.398227
665,target,816.154,12,12,1.0,18.8,18.8,1.0,34,0,260.8,261,3e-05,1179.392944,0.494355
666,target,123.502,10,12,0.8333,15.2,18.8,0.8085,28,2,52.0,420,-0.000528,316.420837,0.393003
667,target,-901.69,7,12,0.5833,9.6,18.8,0.5106,44,5,-189.8,420,3.6e-05,595.426636,0.442019
668,target,-1187.014,10,12,0.8333,16.4,18.8,0.8723,24,2,36.8,420,-2e-05,2000.449463,0.373084
669,target,110.482,10,12,0.8333,15.2,18.8,0.8085,42,2,78.4,420,-0.000775,440.102356,0.305803
670,target,-1392.874,10,12,0.8333,14.6,18.8,0.7766,14,3,85.6,420,-0.002287,2063.776123,0.563788
671,target,-822.02,11,12,0.9167,16.6,18.8,0.883,60,1,208.2,420,-0.000318,1625.94043,0.299382
672,target,216.818,10,12,0.8333,15.2,18.8,0.8085,26,2,123.2,420,-0.000688,400.616302,0.446585
673,target,-3018.662,11,12,0.9167,17.4,18.8,0.9255,58,1,-3.2,420,0.000277,3888.023438,0.315473
674,target,-159.3,9,12,0.75,13.2,18.8,0.7021,26,4,-3.6,420,-0.001056,397.801056,0.528902
675,target,59.662,11,12,0.9167,16.6,18.8,0.883,70,2,208.8,420,-0.001244,360.164825,0.509815
676,target,943.048,12,12,1.0,18.8,18.8,1.0,26,0,284.8,173,-0.002037,1053.988159,0.687696
677,target,739.28,12,12,1.0,18.8,18.8,1.0,14,0,223.8,205,-0.000559,1163.448242,0.701357
678,target,-3800.39,11,12,0.9167,16.6,18.8,0.883,58,2,-55.0,420,0.000283,4320.175293,0.387559
679,target,-1103.898,11,12,0.9167,17.4,18.8,0.9255,34,1,241.8,420,3.8e-05,2070.053955,0.402861
680,target,-1060.21,11,12,0.9167,16.8,18.8,0.8936,28,1,194.8,420,4.1e-05,1936.62561,0.413853
681,target,-2872.464,10,12,0.8333,14.6,18.8,0.7766,98,2,-100.2,420,-3.3e-05,2914.651367,0.49192
682,target,-659.604,9,12,0.75,13.2,18.8,0.7021,42,3,-9.4,420,-0.000316,749.015137,0.508156
683,target,-11.398,11,12,0.9167,16.6,18.8,0.883,54,1,91.0,420,-0.000488,611.427307,0.323294
684,target,-1529.312,11,12,0.9167,17.4,18.8,0.9255,62,1,215.2,420,-0.000119,2356.88916,0.383602
685,target,-634.972,10,12,0.8333,16.0,18.8,0.8511,44,2,164.6,420,-0.00084,749.748291,0.499487
686,target,-295.582,11,12,0.9167,16.6,18.8,0.883,106,1,189.4,420,-0.00014,483.581665,0.309274
687,target,-3316.366,10,12,0.8333,15.2,18.8,0.8085,118,3,-119.6,420,-4.4e-05,3494.11377,0.37874
688,target,436.282,11,12,0.9167,16.8,18.8,0.8936,23,1,237.8,420,-0.000104,505.162079,0.369451
689,target,-992.564,9,12,0.75,13.0,18.8,0.6915,74,3,-32.6,420,-0.00022,911.440796,0.468265
690,target,763.818,12,12,1.0,18.8,18.8,1.0,48,0,365.4,217,-0.000639,866.343018,0.610483
691,target,-3089.436,11,12,0.9167,16.6,18.8,0.883,86,1,63.4,420,-0.000326,3711.036377,0.393286
692,target,661.272,11,12,0.9167,17.4,18.8,0.9255,16,1,179.4,420,-0.000119,337.672455,0.385945
693,target,451.12,11,12,0.9167,16.6,18.8,0.883,16,1,214.6,420,-0.000628,374.179504,0.431272
694,target,-572.034,11,12,0.9167,17.4,18.8,0.9255,54,1,197.0,420,-0.000348,1345.637573,0.291293
695,target,-3946.952,10,12,0.8333,15.2,18.8,0.8085,54,2,-99.0,420,-0.000215,4685.116699,0.479356
696,target,637.366,12,12,1.0,18.8,18.8,1.0,58,0,219.6,251,-0.001293,800.320251,0.512835
697,target,-582.306,10,12,0.8333,15.2,18.8,0.8085,58,2,33.6,420,-0.000152,935.970276,0.264163
698,target,-557.758,9,12,0.75,13.8,18.8,0.734,72,3,-107.8,420,0.000148,696.460449,0.455909
699,target,179.022,10,12,0.8333,15.2,18.8,0.8085,26,2,67.0,420,-0.000553,415.478027,0.387675
700,target,-1592.366,11,12,0.9167,17.4,18.8,0.9255,36,1,197.6,420,-2e-06,2605.120361,0.322789
